asset_id,vendor,model,cpu,ram_gb,storage_gb,storage_type,os_version,location,age_months,in_warranty,battery_health,battery_cycle,cpu_temp_max,gpu_temp_max,thermal_throttle_cnt,smart_realloc,smart_pending,disk_errors_30d,uptime_hours_7d,patch_missing_cnt,ticket_count_last_6m,bsod_cnt_30d,label_failure_90d,label_retire_180d
ASSET-10000,Acer,Swift 3,i7-8650U,16.0,1024.0,NVMe,Windows 10,Singapore,43.0,0,0.7976923076923077,133.0,80.0,71.0,0.0,0.0,0.0,0.0,28.4,1.0,0.0,1.0,0,0
ASSET-10001,MSI,Modern 14,Ryzen 5 4500U,32.0,1024.0,HDD,macOS 13,HN,63.5,0,0.87725,221.0,65.0,68.0,0.0,0.0,0.0,0.0,25.2,2.0,0.0,0.0,0,0
ASSET-10002,HP,EliteBook 840,i7-8650U,8.0,1024.0,NVMe,Ubuntu 22.04,HN,76.2,0,0.7061538461538461,209.0,73.0,88.0,0.0,0.0,0.0,1.0,38.7,2.0,0.0,0.0,0,0
ASSET-10003,Apple,MacBook Pro 14,Ryzen 5 4500U,16.0,512.0,SSD,Ubuntu 22.04,Hue,,0,0.5984444444444444,463.0,65.0,72.0,0.0,0.0,0.0,0.0,35.8,1.0,2.0,1.0,0,0
ASSET-10004,Dell,Latitude 5420,i5-1135G7,32.0,512.0,NVMe,Windows 11,DN,14.2,0,0.8831034482758621,387.0,85.0,78.0,0.0,0.0,0.0,0.0,9.8,2.0,2.0,0.0,0,1
ASSET-10005,Asus,ZenBook 14,M2,8.0,512.0,HDD,Windows 11,HCM,14.3,0,0.87175,300.0,88.0,71.0,0.0,0.0,0.0,0.0,60.1,3.0,0.0,0.0,0,0
ASSET-10007,Lenovo,T14 Gen2,i5-8250U,32.0,256.0,HDD,macOS 13,Singapore,64.2,0,0.6396551724137931,224.0,83.0,69.0,0.0,0.0,0.0,0.0,32.6,2.0,1.0,0.0,0,0
ASSET-10008,Acer,Aspire 5,Ryzen 5 4500U,32.0,256.0,SSD,Ubuntu 22.04,HCM,79.5,0,0.8105,275.0,93.0,71.0,0.0,0.0,0.0,0.0,1.619,1.0,0.0,0.0,1,0
ASSET-10009,Acer,Swift 3,i5-1135G7,16.0,256.0,SSD,Ubuntu 22.04,DN,75.6,0,0.721,296.0,80.0,71.0,3.0,0.0,0.0,0.0,16.6,2.0,0.0,0.0,0,0
ASSET-10011,Lenovo,L14,i7-1185G7,16.0,512.0,SSD,Ubuntu 22.04,Singapore,9.6,1,0.6324,245.0,75.0,79.0,0.0,0.0,0.0,0.0,15.4,0.0,0.0,0.0,0,0
ASSET-10012,Acer,Swift 3,i7-8650U,16.0,1024.0,NVMe,macOS 13,DN,15.9,1,0.915875,494.0,82.0,82.0,0.0,0.0,0.0,0.0,43.5,1.5,2.0,0.0,0,0
ASSET-10013,Acer,TravelMate P2,i7-8650U,16.0,256.0,HDD,macOS 13,Singapore,73.7,0,0.9236206896551724,117.0,71.0,80.0,0.0,0.0,0.0,0.0,48.3,1.0,0.0,0.0,0,0
ASSET-10014,Asus,ZenBook 14,i5-1135G7,32.0,256.0,SSD,macOS 12,Hue,60.0,0,0.968,300.0,75.0,94.61999999999989,0.0,0.0,0.0,0.0,18.6,4.0,1.0,1.0,0,0
ASSET-10015,Lenovo,L14,M2,8.0,1024.0,NVMe,Windows 10,Hue,25.3,1,0.6229310344827587,5000.0,65.0,67.0,0.0,0.0,0.0,0.0,41.3,1.0,1.0,2.0,0,0
ASSET-10016,Dell,Latitude 7420,i7-8650U,32.0,256.0,HDD,Ubuntu 22.04,DN,59.7,0,0.7575555555555555,458.0,84.0,81.0,0.0,0.0,0.0,0.0,46.1,4.0,0.0,1.0,0,0
ASSET-10017,HP,Envy 13,i5-8250U,16.0,512.0,SSD,macOS 12,DN,71.1,0,0.7026923076923077,338.0,84.0,65.0,0.0,0.0,0.0,0.0,35.3,2.0,0.0,0.0,0,0
ASSET-10018,Dell,Precision 3560,Ryzen 5 4500U,32.0,256.0,NVMe,Windows 11,HCM,32.1,0,0.5882222222222222,286.5,72.0,78.0,0.0,0.0,0.0,0.0,80.70499999999997,3.0,0.0,1.0,0,0
ASSET-10019,Acer,TravelMate P2,Ryzen54500U,32.0,1024.0,NVMe,macOS 13,DN,54.4,0,0.634,395.0,79.0,68.0,0.0,0.0,0.0,0.0,33.6,1.5,1.0,0.0,1,0
ASSET-10020,Acer,TravelMate P2,Ryzen 5 4500U,8.0,256.0,SSD,macOS 13,Hue,,0,0.5579310344827586,190.0,76.0,88.0,0.0,0.0,0.0,0.0,37.45,1.5,0.0,0.0,0,0
ASSET-10021,Lenovo,T14 Gen2,i7-8650U,16.0,512.0,HDD,macOS 13,Tokyo,,0,0.9244444444444444,104.0,78.0,69.0,0.0,0.0,0.0,0.0,49.2,2.0,0.0,0.0,0,0
ASSET-10022,Lenovo,T480,i5-8250U,8.0,512.0,NVMe,macOS 12,DN,77.7,0,0.7544,279.0,80.0,66.0,0.0,0.0,0.0,0.0,28.2,2.0,0.0,0.0,0,0
ASSET-10023,Asus,VivoBook 15,M2,32.0,512.0,SSD,Windows 11,DN,73.1,0,0.8041379310344827,300.0,75.0,66.0,0.0,0.0,0.0,1.0,57.5,2.0,0.0,0.0,0,0
ASSET-10024,Dell,Precision 3560,i7-8650U,16.0,512.0,HDD,macOS 13,DN,28.2,0,0.789,238.0,78.0,80.0,1.0,0.0,0.0,0.0,34.6,5.0,2.0,0.0,0,1
ASSET-10025,Dell,XPS 13,M2,8.0,1024.0,SSD,macOS 12,Tokyo,20.4,0,0.8655555555555555,208.0,83.0,65.0,0.0,0.0,0.0,0.0,39.8,0.0,0.0,0.0,0,0
ASSET-10026,Acer,Swift 3,i5-8250U,16.0,512.0,SSD,Ubuntu 22.04,DN,57.8,0,0.7864,176.0,79.0,71.0,0.0,0.0,0.0,0.0,11.0,5.0,0.0,0.0,0,0
ASSET-10027,HP,Envy 13,M1,16.0,512.0,SSD,macOS 12,Singapore,18.2,1,0.7046,88.0,77.0,65.0,0.0,0.0,0.0,0.0,39.0,3.0,1.0,0.0,0,0
ASSET-10028,Acer,TravelMate P2,Ryzen 7 4800U,32.0,256.0,SSD,Ubuntu 22.04,DN,38.4,0,0.8975,310.0,81.0,72.0,0.0,0.0,0.0,0.0,64.0,1.0,1.0,1.0,0,0
ASSET-10029,Asus,ZenBook 14,Ryzen 5 4500U,16.0,512.0,NVMe,Ubuntu 22.04,HCM,30.2,1,0.532,572.0,75.0,70.0,0.0,0.0,0.0,2.0,36.900000000000006,2.0,0.0,2.0,1,0
ASSET-10031,Dell,Latitude 5420,i5-1135G7,16.0,1024.0,SSD,Windows 11,HCM,60.8,0,0.9774,286.5,80.0,69.0,0.0,0.0,0.0,0.0,8.0,3.0,0.0,1.0,0,0
ASSET-10032,Apple,MacBook Pro 14,Ryzen 7 4800U,32.0,256.0,SSD,Windows 11,DN,13.6,1,0.6299137931034483,317.0,79.0,82.0,0.0,0.0,0.0,0.0,35.8,1.0,0.0,0.0,0,1
ASSET-10033,Dell,Precision 3560,i7-8650U,32.0,1024.0,HDD,Windows 11,Singapore,68.1,0,0.9135,431.0,89.0,79.0,0.0,0.0,0.0,0.0,37.3,3.0,0.0,0.0,1,0
ASSET-10034,Asus,ROG Zephyrus G14,Ryzen 5 4500U,16.0,512.0,SSD,Windows 11,HN,44.0,0,0.745,300.0,61.0,71.0,0.0,0.0,0.0,0.0,36.900000000000006,1.0,1.0,0.0,0,0
ASSET-10035,Asus,ZenBook 14,M2,16.0,1024.0,HDD,Windows 10,HN,,0,0.7102,159.0,75.0,64.0,0.0,0.0,0.0,0.0,36.900000000000006,2.0,1.0,0.0,0,0
ASSET-10036,MSI,Prestige 14,Ryzen 5 4500U,8.0,512.0,SSD,Ubuntu 22.04,HN,25.3,1,0.7820689655172414,195.0,77.0,70.0,0.0,0.0,0.0,0.0,34.5,2.0,0.0,0.0,0,0
ASSET-10037,Dell,Latitude 7420,M2,32.0,1024.0,NVMe,macOS 13,DN,56.4,0,0.7308,286.5,80.0,94.61999999999989,0.0,0.0,0.0,0.0,62.4,1.0,1.0,0.0,0,0
ASSET-10038,HP,Envy 13,Ryzen 7 4800U,32.0,256.0,NVMe,Windows 11,HCM,60.0,0,0.5875555555555556,203.0,91.0,79.0,0.0,0.0,0.0,0.0,70.5,1.0,0.0,0.0,0,0
ASSET-10039,HP,Envy 13,Ryzen 7 4800U,8.0,512.0,NVMe,macOS 13,HCM,69.0,0,0.9244,5000.0,93.0,59.0,0.0,0.0,0.0,0.0,51.3,1.0,0.0,0.0,1,0
ASSET-10040,Apple,MacBook Pro 13,M2,32.0,512.0,NVMe,macOS 12,HN,30.8,1,0.8525862068965517,290.0,81.0,71.0,0.0,0.0,0.0,0.0,35.8,2.0,0.0,1.0,0,0
ASSET-10041,HP,EliteBook 840,i7-8650U,16.0,512.0,HDD,Windows 10,Hue,43.3,0,0.79175,331.0,77.0,67.0,0.0,0.0,0.0,0.0,33.9,2.0,1.0,0.0,0,1
ASSET-10042,Asus,VivoBook 15,i5-8250U,8.0,512.0,NVMe,macOS 13,Hue,,0,0.66325,300.0,75.0,61.0,1.0,0.0,0.0,0.0,51.5,2.0,0.0,0.0,0,0
ASSET-10043,HP,ZBook 15,i7-8650U,32.0,1024.0,HDD,Windows 11,HCM,31.8,0,0.7628,284.0,76.0,71.0,0.0,0.0,0.0,0.0,45.1,1.0,0.0,1.0,0,0
ASSET-10044,MSI,Modern 14,M1,16.0,1024.0,HDD,macOS 12,DN,43.2,0,0.6184313725490196,430.0,76.0,68.0,0.0,0.0,0.0,0.0,40.4,2.0,0.0,0.0,0,0
ASSET-10045,MSI,Modern 14,i5-1135G7,16.0,512.0,NVMe,macOS 12,HCM,25.1,0,0.528,551.0,76.0,70.0,0.0,0.0,0.0,0.0,38.7,2.0,0.0,1.0,1,0
ASSET-10046,Asus,VivoBook 15,i7-8650U,16.0,256.0,NVMe,macOS 12,HCM,53.2,0,0.6782,310.0,75.0,75.0,0.0,0.0,0.0,0.0,34.6,1.0,0.0,0.0,0,0
ASSET-10047,Acer,TravelMate P2,i7-8650U,8.0,512.0,NVMe,Windows 10,Hue,8.8,1,0.8803846153846154,153.0,79.0,75.0,0.0,0.0,0.0,1.0,37.45,1.5,0.0,0.0,0,0
ASSET-10048,Lenovo,T14 Gen2,Ryzen 7 4800U,32.0,256.0,SSD,Windows 10,HCM,57.2,0,0.756896551724138,269.0,92.0,77.0,2.0,0.0,0.0,0.0,13.2,4.0,0.0,0.0,0,0
ASSET-10049,Apple,MacBook Pro 13,i7-1185G7,16.0,256.0,HDD,macOS 12,HN,10.2,1,1.05,583.0,78.0,72.0,0.0,0.0,0.0,0.0,35.8,3.0,2.0,1.0,0,0
ASSET-10050,HP,Envy 13,i7-8650U,16.0,256.0,HDD,Ubuntu 22.04,Hue,41.5,0,0.7108,74.0,68.0,71.0,0.0,0.0,0.0,1.0,77.0,0.0,0.0,0.0,0,0
ASSET-10051,Dell,XPS 13,i5-1135G7,16.0,1024.0,HDD,Windows 11,Hue,9.6,1,0.7308,468.0,77.0,72.0,0.0,0.0,0.0,0.0,43.2,2.0,0.0,0.0,0,0
ASSET-10052,Dell,Precision 3560,i7-8650U,16.0,512.0,HDD,Ubuntu 22.04,Hue,47.5,0,0.7657777777777778,193.0,75.0,85.0,0.0,0.0,0.0,0.0,33.1,3.0,0.0,0.0,0,0
ASSET-10053,HP,ZBook 15,M2,16.0,512.0,HDD,macOS 13,Tokyo,39.9,0,0.8902,244.0,88.0,78.0,0.0,0.0,0.0,0.0,17.4,2.0,0.0,0.0,0,0
ASSET-10054,Lenovo,T14 Gen2,M2,8.0,1024.0,SSD,Windows 10,Singapore,73.4,0,0.8244444444444444,335.0,91.0,62.0,0.0,0.0,0.0,0.0,6.6,2.0,0.0,0.0,0,0
ASSET-10055,HP,EliteBook 840,Ryzen 7 4800U,16.0,512.0,NVMe,macOS 13,Singapore,39.8,0,0.6947115384615384,564.0,66.0,83.0,0.0,0.0,0.0,0.0,1.619,1.0,0.0,0.0,0,0
ASSET-10056,Dell,Precision 3560,i7-1185G7,16.0,512.0,HDD,Ubuntu 22.04,Singapore,46.7,0,0.7413793103448276,245.0,77.0,75.0,0.0,0.0,0.0,0.0,39.400000000000006,2.0,0.0,1.0,0,0
ASSET-10057,MSI,GF65,i7-8650U,16.0,512.0,NVMe,Ubuntu 22.04,HCM,46.8,0,0.5055172413793103,352.0,82.0,90.0,1.0,0.0,0.0,0.0,54.4,5.0,0.0,1.0,1,0
ASSET-10058,Dell,Latitude 5420,i5-8250U,8.0,512.0,SSD,Ubuntu 22.04,Hue,22.7,1,0.6784,206.0,82.0,75.0,0.0,0.0,0.0,0.0,39.400000000000006,2.0,1.0,0.0,0,0
ASSET-10059,Asus,VivoBook 15,Ryzen 7 4800U,8.0,512.0,SSD,Windows 10,HCM,28.8,0,0.7642307692307693,97.0,75.0,77.0,0.0,0.0,0.0,0.0,9.6,1.0,0.0,0.0,0,0
ASSET-10060,MSI,Prestige 14,Ryzen 5 4500U,16.0,256.0,NVMe,macOS 13,Tokyo,39.3,0,0.7428888888888889,596.0,65.0,70.0,1.0,0.0,0.0,0.0,38.7,0.0,0.0,0.0,0,1
ASSET-10061,Dell,XPS 13,M2,16.0,256.0,NVMe,Windows 11,HCM,35.5,1,0.7766,471.0,67.0,75.0,0.0,0.0,0.0,0.0,52.2,1.0,1.0,1.0,0,0
ASSET-10062,Asus,VivoBook 15,Ryzen 7 4800U,16.0,512.0,HDD,macOS 13,Hue,28.6,0,0.7809615384615385,300.0,75.0,60.0,1.0,0.0,0.0,0.0,39.2,4.0,0.0,2.0,0,0
ASSET-10063,MSI,Prestige 14,Ryzen 7 4800U,8.0,512.0,NVMe,macOS 13,Hue,17.6,0,0.6880392156862745,402.0,76.0,69.0,0.0,0.0,0.0,0.0,38.7,3.0,0.0,0.0,0,0
ASSET-10064,Asus,VivoBook 15,Ryzen 5 4500U,8.0,1024.0,NVMe,macOS 12,HN,78.3,0,0.90975,312.0,73.0,84.0,0.0,0.0,0.0,1.0,6.4,2.0,0.0,1.0,0,0
ASSET-10065,Lenovo,T14 Gen2,Ryzen74800U,16.0,256.0,NVMe,Windows 10,HN,12.3,1,0.8244444444444444,36.0,71.0,71.0,0.0,0.0,0.0,1.0,44.7,2.0,0.0,0.0,0,0
ASSET-10066,Asus,VivoBook 15,Ryzen 7 4800U,8.0,256.0,HDD,Windows 11,HCM,61.4,0,0.8072,131.0,79.0,71.0,0.0,0.0,0.0,0.0,27.5,2.0,0.0,2.0,0,0
ASSET-10067,HP,ZBook 15,i7-8650U,8.0,256.0,SSD,macOS 12,Hue,68.1,0,1.0084,216.0,86.0,75.0,0.0,0.0,0.0,0.0,32.5,2.0,4.0,0.0,0,1
ASSET-10068,Apple,MacBook Air,i7-1185G7,32.0,1024.0,HDD,macOS 13,Singapore,70.0,0,0.8,342.0,83.0,90.0,0.0,0.0,0.0,0.0,39.3,0.0,1.0,0.0,0,0
ASSET-10069,MSI,Modern 14,M1,16.0,256.0,NVMe,Windows 11,Singapore,29.2,0,0.4,569.0,71.0,82.0,0.0,0.0,0.0,0.0,46.9,8.0,0.0,0.0,0,0
ASSET-10070,MSI,GF65,i7-8650U,8.0,256.0,NVMe,Ubuntu 22.04,HN,75.5,0,0.8778431372549019,299.0,87.0,64.0,0.0,0.0,0.0,0.0,43.8,2.0,0.0,0.0,0,0
ASSET-10071,Lenovo,T480,i7-1185G7,16.0,512.0,HDD,macOS 12,HCM,33.0,0,0.7134615384615385,306.0,74.0,76.0,0.0,0.0,0.0,0.0,41.0,2.0,0.0,0.0,0,0
ASSET-10072,Apple,MacBook Pro 14,i7-1185G7,16.0,1024.0,SSD,macOS 13,HCM,27.5,0,0.6448275862068965,319.0,78.0,58.0,0.0,0.0,0.0,1.0,47.3,0.0,0.0,0.0,0,0
ASSET-10073,HP,ProBook 450,M1,16.0,256.0,HDD,macOS 13,Tokyo,27.5,0,0.8027777777777778,221.0,77.0,67.0,0.0,1.0,0.0,0.0,77.6,2.0,0.0,0.0,0,0
ASSET-10074,HP,ProBook 450,i7-8650U,16.0,1024.0,HDD,macOS 13,HCM,12.9,1,0.6653846153846154,284.0,77.0,79.0,0.0,0.0,0.0,1.0,15.5,2.0,0.0,0.0,0,0
ASSET-10075,MSI,Modern 14,i5-1135G7,16.0,1024.0,HDD,Ubuntu 22.04,Singapore,32.7,1,0.761,299.0,76.0,70.0,0.0,0.0,0.0,0.0,33.1,2.0,1.0,0.0,0,0
ASSET-10076,MSI,Modern 14,Ryzen 7 4800U,16.0,512.0,HDD,macOS 13,HCM,,1,0.966,286.0,72.0,88.0,0.0,0.0,0.0,0.0,56.8,2.0,0.0,1.0,0,0
ASSET-10077,MSI,Modern 14,Ryzen 5 4500U,8.0,512.0,SSD,Ubuntu 22.04,DN,18.2,0,0.6880392156862745,202.0,74.0,70.0,1.0,0.0,0.0,0.0,18.1,2.0,0.0,0.0,0,1
ASSET-10078,Lenovo,X1 Carbon,i5-1135G7,16.0,1024.0,SSD,Windows 10,Singapore,39.7,0,0.6396551724137931,660.0,78.5,88.0,0.0,0.0,0.0,0.0,41.3,0.0,0.0,1.0,0,0
ASSET-10079,Lenovo,X1 Carbon,M1,16.0,1024.0,SSD,Windows 11,Hue,9.9,1,1.0196153846153846,287.0,83.0,66.0,0.0,0.0,0.0,0.0,51.5,2.0,0.0,0.0,0,0
ASSET-10080,Acer,TravelMate P2,i7-8650U,32.0,1024.0,NVMe,macOS 13,HN,23.8,1,0.809,404.0,85.0,77.0,0.0,0.0,0.0,0.0,37.45,3.0,1.0,0.0,0,0
ASSET-10081,Dell,Precision 3560,Ryzen 5 4500U,8.0,512.0,SSD,Ubuntu 22.04,Tokyo,,1,0.9135,5000.0,74.0,75.0,0.0,0.0,0.0,0.0,39.400000000000006,3.0,0.0,0.0,0,0
ASSET-10082,Apple,MacBook Air,M1,16.0,512.0,SSD,macOS 12,Tokyo,60.1,0,0.5964,392.0,75.0,56.0,1.0,0.0,0.0,0.0,15.5,1.0,0.0,2.0,0,0
ASSET-10083,Apple,MacBook Pro 13,M1,8.0,256.0,NVMe,Ubuntu 22.04,Tokyo,47.1,0,0.5872,5000.0,92.0,72.0,0.0,0.0,0.0,0.0,28.5,2.0,1.0,0.0,1,0
ASSET-10084,Apple,MacBook Pro 14,Ryzen 7 4800U,16.0,512.0,NVMe,Ubuntu 22.04,DN,48.2,0,0.7025961538461538,348.0,64.0,71.0,1.0,0.0,0.0,0.0,16.9,2.0,0.0,1.0,0,0
ASSET-10085,HP,ProBook 450,i5-8250U,32.0,512.0,HDD,Windows 11,HCM,,0,0.6798076923076923,284.0,77.0,71.0,0.0,0.0,0.0,0.0,49.5,2.0,0.0,0.0,0,0
ASSET-10086,Lenovo,X1 Carbon,M1,16.0,512.0,HDD,Windows 10,Hue,74.7,0,0.828076923076923,174.0,84.0,83.0,0.0,0.0,0.0,0.0,33.9,0.0,0.0,0.0,0,0
ASSET-10087,HP,Envy 13,Ryzen 5 4500U,8.0,256.0,HDD,macOS 13,HN,14.4,1,0.6872,356.0,78.0,78.0,0.0,0.0,0.0,0.0,38.4,2.0,0.0,0.0,0,1
ASSET-10088,Asus,ZenBook 14,M2,32.0,512.0,SSD,macOS 12,HCM,61.1,0,1.05,300.0,71.0,75.0,0.0,0.0,0.0,0.0,45.5,2.0,1.0,1.0,0,0
ASSET-10089,HP,ZBook 15,M1,16.0,512.0,NVMe,Ubuntu 22.04,HN,61.9,0,0.8646,202.0,94.0,80.0,0.0,0.0,0.0,0.0,46.2,2.0,0.0,1.0,1,0
ASSET-10091,HP,ZBook 15,M1,8.0,1024.0,SSD,macOS 13,HCM,70.4,0,0.768,444.0,69.0,60.0,0.0,0.0,0.0,0.0,7.1,2.0,1.0,0.0,0,0
ASSET-10092,Lenovo,L14,M2,8.0,256.0,SSD,Windows 11,HN,40.3,0,0.742,279.0,61.0,65.0,1.0,0.0,0.0,0.0,16.9,2.0,0.0,0.0,0,0
ASSET-10094,Acer,Swift 3,Ryzen 7 4800U,16.0,1024.0,HDD,Windows 10,Tokyo,,1,0.5843103448275863,151.0,79.0,84.0,0.0,0.0,0.0,0.0,20.4,1.0,0.0,0.0,0,0
ASSET-10095,Acer,TravelMate P2,Ryzen 7 4800U,32.0,256.0,SSD,macOS 12,DN,75.3,0,0.6596,266.0,79.0,57.0,2.0,0.0,0.0,0.0,37.45,0.0,0.0,0.0,0,0
ASSET-10096,Lenovo,X1 Carbon,i5-8250U,8.0,256.0,SSD,Windows 10,HN,25.5,0,0.6048,279.0,72.0,69.0,0.0,0.0,0.0,0.0,15.1,3.0,0.0,1.0,0,0
ASSET-10097,MSI,GF65,i7-1185G7,16.0,1024.0,HDD,macOS 13,HCM,50.3,0,0.6245,196.0,95.0,61.0,1.0,0.0,0.0,0.0,46.2,0.0,0.0,0.0,1,0
ASSET-10098,HP,ZBook 15,Ryzen 5 4500U,32.0,512.0,HDD,Ubuntu 22.04,Tokyo,14.8,0,0.79,69.0,89.0,56.0,0.0,0.0,0.0,0.0,11.3,3.0,0.0,0.0,0,0
ASSET-10099,Acer,Aspire 5,i5-1135G7,16.0,256.0,HDD,Windows 11,Tokyo,39.6,0,0.5064,30.57,82.0,62.0,0.0,0.0,0.0,0.0,25.8,2.0,0.0,0.0,1,0
ASSET-10100,Asus,VivoBook 15,i7-1185G7,16.0,512.0,NVMe,macOS 12,HN,73.2,0,0.5648,300.0,75.0,89.0,1.0,0.0,0.0,0.0,20.2,1.0,1.0,0.0,0,0
ASSET-10101,Acer,Aspire 5,i5-8250U,32.0,1024.0,SSD,Windows 11,Tokyo,36.6,0,0.947,394.0,68.0,67.0,0.0,0.0,0.0,0.0,11.9,3.0,0.0,0.0,0,0
ASSET-10102,Lenovo,T14 Gen2,i5-8250U,16.0,1024.0,HDD,macOS 13,Singapore,30.5,1,0.6165,139.0,78.5,69.0,2.0,0.0,0.0,0.0,80.70499999999997,5.0,1.0,1.0,0,0
ASSET-10103,Lenovo,T480,Ryzen 5 4500U,32.0,512.0,HDD,macOS 12,DN,53.4,0,0.799,279.0,75.0,74.0,1.0,0.0,0.0,0.0,46.4,1.0,1.0,0.0,0,0
ASSET-10104,MSI,Modern 14,i7-8650U,8.0,256.0,SSD,Windows 11,Tokyo,31.4,1,0.7795555555555556,299.0,96.80999999999995,69.0,1.0,0.0,0.0,0.0,38.7,0.0,0.0,1.0,1,0
ASSET-10105,Apple,MacBook Pro 13,i5-1135G7,16.0,512.0,SSD,macOS 12,Hue,31.6,1,0.75825,151.0,82.0,71.0,0.0,0.0,0.0,0.0,49.7,2.0,0.0,0.0,0,0
ASSET-10106,Acer,Swift 3,i7-8650U,16.0,512.0,SSD,Ubuntu 22.04,DN,16.5,1,0.7405,196.0,79.0,68.0,0.0,0.0,0.0,0.0,37.45,1.5,0.0,0.0,0,0
ASSET-10107,Acer,TravelMate P2,i7-1185G7,16.0,512.0,NVMe,macOS 13,Singapore,34.0,0,0.5448076923076923,190.0,76.0,61.0,0.0,0.0,0.0,0.0,4.0,1.5,0.0,0.0,0,0
ASSET-10108,Dell,XPS 13,i7-8650U,16.0,512.0,NVMe,macOS 13,Singapore,24.0,0,0.582,286.5,77.0,71.0,0.0,0.0,0.0,0.0,16.1,2.0,0.0,0.0,0,0
ASSET-10109,Apple,MacBook Pro 13,Ryzen 5 4500U,16.0,1024.0,HDD,macOS 13,Tokyo,24.2,1,0.8736,293.0,76.0,65.0,0.0,0.0,0.0,0.0,60.8,0.0,0.0,0.0,0,0
ASSET-10110,Asus,ZenBook 14,i5-8250U,8.0,512.0,SSD,Ubuntu 22.04,Tokyo,28.5,0,0.7948,411.0,88.0,86.0,0.0,0.0,0.0,0.0,80.3,2.0,1.0,0.0,0,0
ASSET-10111,Lenovo,T480,M2,8.0,512.0,NVMe,Ubuntu 22.04,Singapore,52.8,0,0.6294827586206897,279.0,88.0,63.0,0.0,0.0,0.0,0.0,13.4,2.0,0.0,0.0,0,0
ASSET-10112,HP,Envy 13,i7-1185G7,8.0,1024.0,SSD,macOS 13,HN,70.6,0,0.6363461538461539,449.0,66.0,85.0,0.0,0.0,0.0,0.0,49.1,0.0,0.0,0.0,0,0
ASSET-10113,MSI,Modern 14,i5-8250U,16.0,512.0,NVMe,macOS 13,Hue,45.5,0,0.9792307692307692,624.0,82.0,76.0,0.0,0.0,0.0,0.0,61.5,2.0,2.0,1.0,0,0
ASSET-10114,Dell,Latitude 5420,i5-8250U,16.0,512.0,NVMe,Windows 10,Singapore,35.3,0,0.7084444444444444,266.0,80.0,79.0,0.0,0.0,0.0,0.0,36.7,5.0,0.0,1.0,0,0
ASSET-10115,Asus,ZenBook 14,i5-1135G7,16.0,1024.0,NVMe,Ubuntu 22.04,HCM,27.2,1,0.8098275862068965,342.0,72.0,67.0,0.0,0.0,0.0,0.0,51.7,2.0,0.0,0.0,0,0
ASSET-10116,Asus,ZenBook 14,M2,16.0,512.0,SSD,Windows 11,HCM,71.4,0,0.885,300.0,73.0,71.0,0.0,0.0,0.0,0.0,65.8,1.0,0.0,0.0,0,0
ASSET-10117,MSI,Prestige 14,i7-8650U,16.0,256.0,NVMe,Windows 11,DN,65.7,0,0.5276470588235294,236.0,69.0,74.0,0.0,0.0,0.0,0.0,69.1,2.0,0.0,0.0,0,0
ASSET-10118,Lenovo,T14 Gen2,i5-1135G7,32.0,1024.0,NVMe,Windows 11,Tokyo,10.4,1,0.6940384615384615,408.0,91.0,68.0,0.0,0.0,0.0,0.0,9.5,1.0,0.0,0.0,1,0
ASSET-10119,Asus,ROG Zephyrus G14,i7-1185G7,32.0,512.0,HDD,Ubuntu 22.04,Hue,10.0,1,0.6651923076923076,300.0,75.0,85.0,0.0,0.0,0.0,0.0,80.1,2.0,0.0,0.0,0,0
ASSET-10120,Dell,Latitude 7420,i5-1135G7,16.0,256.0,NVMe,macOS 12,Singapore,75.2,0,0.6525862068965518,467.0,77.0,78.0,0.0,0.0,0.0,0.0,23.1,1.0,0.0,0.0,0,0
ASSET-10121,Lenovo,T14 Gen2,i5-1135G7,32.0,256.0,SSD,macOS 12,Singapore,11.7,1,1.1938,279.0,69.0,68.0,0.0,0.0,0.0,0.0,45.2,1.0,0.0,2.0,0,0
ASSET-10122,Dell,XPS 13,M1,16.0,256.0,SSD,Windows 10,Singapore,48.8,0,0.8656896551724138,286.5,62.0,73.0,2.0,0.0,0.0,0.0,39.400000000000006,3.0,0.0,0.0,0,0
ASSET-10123,MSI,GF65,i5-1135G7,16.0,512.0,NVMe,macOS 12,DN,49.2,0,0.4,299.0,76.0,80.0,0.0,0.0,0.0,0.0,55.6,2.0,0.0,0.0,1,0
ASSET-10124,Dell,XPS 13,i7-1185G7,32.0,256.0,NVMe,Windows 10,DN,76.0,0,0.6257777777777778,168.0,77.0,75.0,0.0,0.0,0.0,0.0,39.6,0.0,0.0,0.0,0,0
ASSET-10125,HP,ProBook 450,Ryzen 5 4500U,16.0,256.0,NVMe,Ubuntu 22.04,Singapore,11.4,1,0.4,187.0,77.0,71.0,0.0,0.0,0.0,0.0,34.4,1.0,0.0,1.0,1,0
ASSET-10126,Acer,TravelMate P2,i7-1185G7,32.0,512.0,SSD,Windows 11,Hue,70.2,0,0.5056,296.0,80.0,59.0,0.0,0.0,0.0,0.0,25.3,3.0,0.0,0.0,0,1
ASSET-10127,HP,Envy 13,M1,16.0,1024.0,SSD,macOS 13,DN,63.0,0,0.8067307692307693,284.0,92.0,71.0,0.0,0.0,0.0,0.0,23.4,2.0,1.0,0.0,1,0
ASSET-10128,Apple,MacBook Pro 13,i7-1185G7,32.0,512.0,HDD,Windows 11,HN,49.3,0,0.6406666666666667,5000.0,76.0,72.0,0.0,0.0,0.0,0.0,30.3,1.0,0.0,0.0,0,0
ASSET-10129,MSI,Prestige 14,i7-1185G7,16.0,1024.0,NVMe,macOS 13,HN,77.8,0,0.7976,157.0,77.0,71.0,1.0,0.0,0.0,0.0,38.7,5.0,2.0,0.0,0,0
ASSET-10130,HP,Envy 13,i5-1135G7,16.0,256.0,NVMe,Windows 11,Tokyo,9.4,1,0.9552,354.0,87.0,76.0,0.0,0.0,0.0,0.0,59.7,3.0,0.0,0.0,0,0
ASSET-10131,Dell,Latitude 5420,M2,32.0,512.0,NVMe,macOS 12,HN,,0,0.6067241379310345,398.0,81.0,90.0,0.0,0.0,0.0,0.0,18.6,5.0,1.0,0.0,0,0
ASSET-10132,MSI,Prestige 14,i7-1185G7,16.0,1024.0,HDD,macOS 12,HN,49.0,0,0.7097777777777777,304.0,92.0,74.0,1.0,0.0,0.0,0.0,38.7,2.0,1.0,0.0,1,0
ASSET-10133,Dell,Latitude 5420,M2,32.0,256.0,SSD,Windows 10,HN,,0,0.589,286.5,77.0,67.0,0.0,0.0,0.0,0.0,59.9,1.0,0.0,1.0,0,1
ASSET-10134,Dell,Latitude 5420,i7-1185G7,16.0,512.0,NVMe,Ubuntu 22.04,DN,17.6,1,0.812,414.0,65.0,83.0,0.0,0.0,0.0,0.0,39.400000000000006,2.0,0.0,0.0,0,0
ASSET-10135,Lenovo,T14 Gen2,Ryzen 7 4800U,32.0,256.0,SSD,Ubuntu 22.04,Tokyo,12.3,0,0.6735555555555556,181.0,78.5,84.0,0.0,0.0,0.0,0.0,60.3,4.0,0.0,1.0,0,0
ASSET-10136,Apple,MacBook Air,Ryzen 5 4500U,16.0,1024.0,HDD,macOS 12,HCM,71.1,0,0.8474137931034482,290.0,78.0,73.0,0.0,0.0,0.0,0.0,45.1,1.0,1.0,0.0,0,0
ASSET-10138,Asus,ZenBook 14,i7-1185G7,32.0,1024.0,SSD,macOS 13,Tokyo,49.0,0,0.784,219.0,80.0,88.0,0.0,0.0,0.0,0.0,56.0,1.0,1.0,0.0,0,0
ASSET-10139,HP,ProBook 450,Ryzen 5 4500U,16.0,512.0,HDD,macOS 12,HCM,51.3,0,0.8925,57.0,91.0,71.0,1.0,0.0,0.0,1.0,38.7,1.0,1.0,1.0,1,0
ASSET-10140,HP,EliteBook 840,Ryzen 7 4800U,16.0,256.0,HDD,macOS 13,HCM,50.9,0,0.825,446.0,77.0,81.0,0.0,0.0,0.0,0.0,50.2,2.0,1.0,0.0,0,0
ASSET-10141,Acer,Swift 3,M1,16.0,512.0,NVMe,macOS 13,HCM,73.7,0,0.5446,506.0,78.0,71.0,0.0,0.0,0.0,0.0,37.45,2.0,0.0,0.0,0,0
ASSET-10142,HP,EliteBook 840,i7-1185G7,16.0,512.0,NVMe,Windows 10,DN,24.1,0,0.67,208.0,77.0,65.0,2.0,0.0,0.0,0.0,9.9,1.0,0.0,0.0,0,0
ASSET-10143,Acer,TravelMate P2,Ryzen 5 4500U,32.0,512.0,NVMe,Windows 11,Tokyo,52.7,0,0.7035,414.0,79.0,74.0,0.0,0.0,0.0,0.0,66.8,0.0,0.0,0.0,0,0
ASSET-10144,Apple,MacBook Pro 14,M2,32.0,1024.0,SSD,Windows 10,HN,68.5,0,0.42551724137931035,315.0,77.0,81.0,0.0,0.0,0.0,0.0,12.4,4.0,0.0,0.0,1,0
ASSET-10145,Acer,TravelMate P2,M1,16.0,1024.0,HDD,macOS 12,Singapore,23.6,0,0.6773333333333333,296.0,79.0,86.0,0.0,0.0,0.0,0.0,37.45,0.0,2.0,0.0,0,0
ASSET-10146,HP,Envy 13,i5-1135G7,8.0,1024.0,NVMe,Ubuntu 22.04,Singapore,59.8,0,0.7246551724137931,376.0,87.0,82.0,0.0,0.0,0.0,0.0,44.1,2.0,0.0,0.0,0,0
ASSET-10147,Lenovo,T14 Gen2,M2,8.0,512.0,HDD,Windows 10,Singapore,,1,0.49538461538461537,413.0,78.5,94.61999999999989,0.0,0.0,0.0,0.0,30.3,4.0,1.0,0.0,0,0
ASSET-10148,HP,Envy 13,i5-8250U,32.0,512.0,SSD,macOS 12,Tokyo,22.9,1,0.6947115384615384,450.0,89.0,69.0,1.0,0.0,0.0,0.0,55.9,3.0,0.0,0.0,0,0
ASSET-10149,Lenovo,L14,i5-8250U,8.0,512.0,NVMe,Windows 11,HN,58.7,0,0.584,279.0,78.5,69.0,0.0,0.0,0.0,0.0,55.6,1.0,0.0,0.0,0,0
ASSET-10150,Asus,ZenBook 14,i7-1185G7,16.0,256.0,SSD,Windows 10,Tokyo,42.6,0,0.9922,300.0,68.0,66.0,3.0,0.0,0.0,0.0,36.900000000000006,3.0,0.0,0.0,0,0
ASSET-10151,Lenovo,X1 Carbon,Ryzen 5 4500U,16.0,1024.0,HDD,macOS 13,HN,62.2,0,0.7111111111111111,297.0,90.0,77.0,0.0,0.0,0.0,0.0,34.1,5.0,0.0,0.0,0,0
ASSET-10152,Dell,Latitude 5420,i7-8650U,32.0,256.0,NVMe,macOS 12,Hue,77.3,0,0.77125,120.0,77.0,92.0,1.0,0.0,0.0,0.0,39.400000000000006,0.0,0.0,0.0,1,0
ASSET-10153,Acer,Aspire 5,M1,32.0,256.0,NVMe,Ubuntu 22.04,Singapore,34.8,0,0.7327,5000.0,81.0,71.0,0.0,0.0,0.0,0.0,3.5,4.0,0.0,0.0,0,0
ASSET-10154,HP,ProBook 450,i7-8650U,16.0,1024.0,SSD,macOS 12,Singapore,29.5,0,0.734,284.0,96.80999999999995,58.0,0.0,0.0,0.0,0.0,61.7,2.0,0.0,0.0,0,0
ASSET-10155,Acer,Aspire 5,Ryzen 7 4800U,16.0,256.0,HDD,Ubuntu 22.04,Singapore,37.9,0,0.8432,314.0,75.0,71.0,0.0,0.0,0.0,0.0,39.4,1.0,1.0,0.0,0,0
ASSET-10156,Lenovo,T480,i5-1135G7,32.0,1024.0,NVMe,macOS 12,Singapore,73.2,0,0.7094,279.0,78.5,68.0,1.0,0.0,0.0,0.0,41.3,1.0,1.0,0.0,0,0
ASSET-10157,HP,Envy 13,Ryzen 7 4800U,16.0,512.0,SSD,Ubuntu 22.04,DN,76.4,0,0.8482758620689655,269.0,79.0,71.0,0.0,0.0,0.0,0.0,32.2,1.0,1.0,0.0,0,0
ASSET-10158,Dell,Latitude 7420,M2,16.0,1024.0,SSD,macOS 12,HN,14.1,0,0.8784,219.0,77.0,78.0,0.0,0.0,0.0,0.0,51.7,1.0,1.0,0.0,0,0
ASSET-10159,MSI,GF65,i5-8250U,32.0,512.0,HDD,Windows 11,DN,21.2,1,0.39509803921568626,367.0,64.0,70.0,0.0,0.0,0.0,0.0,38.7,2.0,0.0,0.0,1,1
ASSET-10160,Lenovo,T480,i5-1135G7,8.0,256.0,NVMe,macOS 12,Hue,14.1,1,0.7622413793103449,279.0,76.0,65.0,0.0,0.0,0.0,0.0,36.9,3.0,0.0,0.0,0,0
ASSET-10161,Acer,TravelMate P2,i7-8650U,16.0,512.0,NVMe,Windows 10,Tokyo,17.1,1,0.9539655172413793,405.0,67.0,48.19,0.0,0.0,0.0,0.0,43.7,3.0,0.0,1.0,0,0
ASSET-10162,HP,EliteBook 840,i7-8650U,16.0,512.0,SSD,macOS 13,DN,14.4,0,0.6736,284.0,77.0,56.0,0.0,0.0,0.0,0.0,23.6,2.0,0.0,0.0,0,0
ASSET-10163,Acer,TravelMate P2,Ryzen 7 4800U,8.0,1024.0,HDD,Windows 10,HCM,51.8,0,0.8141111111111111,468.0,69.0,71.0,0.0,0.0,0.0,0.0,62.5,1.5,0.0,0.0,0,0
ASSET-10164,Acer,Aspire 5,Ryzen 5 4500U,32.0,1024.0,HDD,macOS 12,Tokyo,43.6,0,0.7327,296.0,90.0,60.0,0.0,0.0,0.0,0.0,37.45,4.0,1.0,1.0,0,0
ASSET-10165,Acer,Swift 3,i5-1135G7,8.0,1024.0,SSD,Ubuntu 22.04,DN,68.8,0,0.7045192307692307,310.0,79.0,48.19,0.0,0.0,0.0,0.0,40.3,0.0,1.0,0.0,0,0
ASSET-10166,Lenovo,T14 Gen2,i7-8650U,16.0,512.0,HDD,Windows 10,HCM,21.7,0,0.9275,279.0,86.0,71.0,0.0,0.0,0.0,0.0,41.3,3.0,1.0,1.0,0,0
ASSET-10168,Lenovo,X1 Carbon,i5-8250U,16.0,1024.0,SSD,macOS 12,HCM,7.6,1,0.36,267.0,84.0,69.0,0.0,0.0,0.0,1.0,41.3,4.0,0.0,0.0,0,1
ASSET-10169,Lenovo,T480,M1,16.0,512.0,NVMe,macOS 12,DN,50.4,0,0.5714,279.0,79.0,69.0,0.0,0.0,0.0,0.0,41.3,4.0,0.0,0.0,0,0
ASSET-10170,Lenovo,T480,Ryzen 5 4500U,16.0,1024.0,HDD,Windows 11,HN,56.1,0,0.8244444444444444,279.0,74.0,70.0,0.0,0.0,0.0,0.0,26.1,6.0,1.0,0.0,0,0
ASSET-10171,Acer,Swift 3,i5-1135G7,32.0,512.0,HDD,Windows 11,HN,73.3,0,0.6935,296.0,79.0,83.0,0.0,0.0,0.0,0.0,51.2,2.0,0.0,0.0,0,0
ASSET-10172,Lenovo,T14 Gen2,i7-8650U,16.0,1024.0,HDD,Windows 10,Hue,53.2,0,0.8244444444444444,448.0,75.0,69.0,0.0,0.0,0.0,0.0,7.8,2.0,0.0,1.0,0,0
ASSET-10173,MSI,Modern 14,i7-1185G7,32.0,512.0,HDD,Ubuntu 22.04,HCM,24.3,1,1.05,327.0,76.0,66.0,0.0,0.0,0.0,0.0,38.3,5.0,0.0,0.0,0,0
ASSET-10174,Acer,TravelMate P2,i7-1185G7,16.0,256.0,SSD,macOS 12,Tokyo,50.8,0,0.7996,296.0,74.0,71.0,0.0,0.0,0.0,1.0,48.5,1.0,0.0,2.0,0,0
ASSET-10175,Lenovo,X1 Carbon,i5-8250U,8.0,512.0,HDD,macOS 12,Singapore,10.3,1,0.85775,302.0,67.0,63.0,0.0,0.0,0.0,0.0,49.4,0.0,0.0,0.0,0,0
ASSET-10176,Apple,MacBook Air,Ryzen 5 4500U,16.0,1024.0,HDD,Windows 10,HN,8.6,1,0.8405769230769231,112.0,85.0,67.0,1.0,0.0,0.0,0.0,80.70499999999997,0.0,0.0,1.0,0,0
ASSET-10177,Dell,XPS 13,Ryzen 7 4800U,16.0,1024.0,NVMe,macOS 13,Singapore,33.7,1,0.5702,262.0,65.0,75.0,2.0,0.0,0.0,0.0,43.0,2.0,0.0,0.0,1,0
ASSET-10178,Dell,Precision 3560,i5-8250U,32.0,512.0,HDD,Windows 11,DN,30.1,0,0.7026923076923077,302.0,74.0,78.0,2.0,0.0,0.0,0.0,72.3,1.0,0.0,0.0,0,0
ASSET-10179,Lenovo,L14,Ryzen 5 4500U,8.0,512.0,NVMe,Windows 11,Hue,61.5,0,0.6958,279.0,61.0,69.0,0.0,0.0,0.0,0.0,13.5,0.0,3.0,0.0,0,0
ASSET-10181,MSI,Modern 14,M2,8.0,512.0,NVMe,Ubuntu 22.04,Hue,55.2,0,0.853448275862069,299.0,76.0,65.0,0.0,0.0,0.0,0.0,19.5,3.0,0.0,0.0,0,0
ASSET-10182,Apple,MacBook Pro 14,i5-8250U,16.0,256.0,NVMe,Windows 10,HN,29.6,1,0.6028,479.0,74.0,76.0,0.0,0.0,0.0,1.0,69.2,1.0,1.0,0.0,0,0
ASSET-10183,Asus,VivoBook 15,Ryzen 7 4800U,16.0,512.0,HDD,Windows 11,HCM,78.8,0,0.822,41.0,73.0,77.0,0.0,0.0,0.0,0.0,42.1,2.0,0.0,0.0,0,0
ASSET-10184,HP,ProBook 450,i7-1185G7,16.0,1024.0,SSD,Windows 11,DN,76.6,0,0.7225,391.0,82.0,79.0,0.0,0.0,0.0,0.0,53.3,2.0,0.0,0.0,0,0
ASSET-10185,HP,EliteBook 840,Ryzen 7 4800U,16.0,256.0,NVMe,macOS 13,HN,60.7,0,0.6228448275862069,284.0,85.0,77.0,0.0,0.0,0.0,0.0,38.7,2.0,0.0,0.0,0,0
ASSET-10186,Dell,Precision 3560,i5-1135G7,16.0,512.0,NVMe,Ubuntu 22.04,Singapore,37.6,0,0.818,290.0,84.0,75.0,0.0,0.0,0.0,0.0,39.400000000000006,2.0,1.0,0.0,0,0
ASSET-10187,Lenovo,T480,i7-8650U,32.0,256.0,SSD,Ubuntu 22.04,HN,26.6,0,0.678,305.0,71.0,78.0,0.0,0.0,0.0,0.0,32.2,3.0,0.0,0.0,0,0
ASSET-10188,Acer,Swift 3,i7-8650U,16.0,1024.0,SSD,Windows 11,Hue,67.0,0,0.8112068965517242,33.0,69.0,59.0,0.0,0.0,0.0,0.0,29.3,2.0,0.0,0.0,0,0
ASSET-10189,Lenovo,T480,M1,8.0,512.0,NVMe,macOS 12,Hue,39.2,0,0.9175,43.0,89.0,68.0,1.0,0.0,0.0,0.0,41.3,2.0,0.0,1.0,0,0
ASSET-10190,HP,Envy 13,i7-1185G7,8.0,512.0,NVMe,Ubuntu 22.04,Singapore,22.1,1,0.65775,527.0,72.0,71.0,0.0,0.0,0.0,0.0,5.1,2.0,0.0,0.0,0,1
ASSET-10191,Dell,XPS 13,i7-8650U,32.0,256.0,HDD,Ubuntu 22.04,HCM,21.0,0,0.7374,280.0,79.0,73.0,0.0,0.0,0.0,0.0,23.7,3.0,0.0,0.0,0,0
ASSET-10193,Dell,Latitude 7420,M1,16.0,1024.0,SSD,Windows 11,HN,47.0,0,0.6202,261.0,77.0,74.0,0.0,0.0,0.0,0.0,43.8,2.0,1.0,1.0,0,0
ASSET-10194,Lenovo,X1 Carbon,Ryzen 7 4800U,16.0,1024.0,NVMe,macOS 12,Tokyo,68.2,0,0.8533333333333334,106.0,73.0,74.0,0.0,0.0,0.0,0.0,24.3,1.0,0.0,0.0,0,0
ASSET-10195,Asus,ZenBook 14,Ryzen 5 4500U,32.0,1024.0,HDD,Windows 10,Singapore,47.8,0,0.8522222222222222,196.0,75.0,66.0,2.0,0.0,0.0,0.0,44.8,2.0,0.0,0.0,0,0
ASSET-10196,HP,Envy 13,i7-8650U,16.0,512.0,NVMe,macOS 13,Tokyo,58.7,0,1.0066,284.0,77.0,71.0,2.0,0.0,0.0,0.0,56.2,4.0,0.0,0.0,0,0
ASSET-10197,Acer,TravelMate P2,Ryzen 7 4800U,16.0,512.0,HDD,macOS 13,HN,42.1,0,1.04875,296.0,71.0,71.0,0.0,0.0,0.0,0.0,37.45,0.0,0.0,0.0,0,0
ASSET-10198,MSI,Prestige 14,i7-1185G7,32.0,256.0,HDD,Windows 11,Hue,13.1,1,0.7797777777777778,226.0,67.0,79.0,0.0,0.0,0.0,0.0,38.7,2.0,0.0,1.0,0,0
ASSET-10199,Apple,MacBook Air,M1,16.0,512.0,NVMe,Ubuntu 22.04,HN,79.8,0,0.6299137931034483,351.0,78.0,72.0,0.0,0.0,0.0,0.0,50.7,3.0,0.0,0.0,0,0
ASSET-10200,Apple,MacBook Pro 13,M2,8.0,256.0,SSD,Windows 10,HN,13.5,0,0.4288888888888889,459.0,66.0,72.0,1.0,0.0,0.0,0.0,32.2,1.0,0.0,2.0,0,0
ASSET-10201,Lenovo,T14 Gen2,i7-8650U,16.0,256.0,HDD,Windows 10,Hue,70.1,0,0.5944,538.0,78.5,73.0,0.0,0.0,0.0,0.0,74.9,2.0,0.0,0.0,0,0
ASSET-10202,Lenovo,T480,i5-1135G7,8.0,512.0,SSD,Windows 10,HN,28.5,0,0.8244444444444444,664.0,66.0,66.0,0.0,0.0,0.0,0.0,8.3,3.0,0.0,0.0,0,0
ASSET-10203,Lenovo,T480,i5-1135G7,16.0,1024.0,NVMe,macOS 13,HCM,33.9,0,0.799,30.57,85.0,62.0,0.0,0.0,0.0,0.0,41.7,2.0,0.0,0.0,0,0
ASSET-10204,Acer,TravelMate P2,i5-8250U,8.0,512.0,NVMe,Ubuntu 22.04,DN,56.0,0,0.8612,296.0,96.80999999999995,61.0,0.0,0.0,0.0,0.0,37.45,4.0,1.0,0.0,0,0
ASSET-10205,HP,Envy 13,i7-1185G7,8.0,512.0,NVMe,Windows 11,HCM,68.6,0,0.6297777777777778,563.0,77.0,71.0,0.0,0.0,0.0,0.0,30.9,3.0,1.0,0.0,0,0
ASSET-10206,Lenovo,T480,Ryzen 5 4500U,16.0,512.0,HDD,macOS 12,Singapore,23.8,1,0.6762068965517242,480.0,62.0,69.0,0.0,0.0,0.0,0.0,41.3,3.0,0.0,0.0,0,0
ASSET-10207,Acer,Aspire 5,M1,16.0,1024.0,NVMe,Ubuntu 22.04,Hue,62.6,0,0.7195555555555555,296.0,77.0,77.0,0.0,0.0,0.0,0.0,37.45,4.0,0.0,0.0,0,0
ASSET-10208,Asus,ZenBook 14,Ryzen 7 4800U,16.0,256.0,NVMe,Ubuntu 22.04,HN,50.0,0,0.962,300.0,79.0,70.0,1.0,0.0,0.0,0.0,55.7,2.0,0.0,0.0,0,0
ASSET-10209,MSI,Modern 14,i7-8650U,8.0,512.0,HDD,Windows 10,HN,30.9,0,0.6226923076923077,346.0,72.0,70.0,0.0,0.0,0.0,0.0,24.3,1.0,0.0,0.0,0,0
ASSET-10210,Asus,ZenBook 14,i5-1135G7,16.0,256.0,HDD,Windows 10,Tokyo,34.4,0,0.9044444444444445,376.0,72.0,79.0,0.0,0.0,0.0,0.0,16.5,1.0,0.0,0.0,0,0
ASSET-10211,HP,EliteBook 840,i5-1135G7,32.0,1024.0,HDD,Windows 11,HCM,34.9,0,0.8770689655172413,165.0,68.0,71.0,0.0,0.0,0.0,0.0,38.7,2.0,0.0,0.0,0,0
ASSET-10212,Dell,Latitude 7420,i5-1135G7,32.0,512.0,NVMe,Windows 11,HCM,39.7,0,0.7308,286.5,73.0,75.0,0.0,0.0,0.0,0.0,53.4,4.0,0.0,0.0,0,0
ASSET-10213,Apple,MacBook Pro 13,M2,8.0,1024.0,NVMe,macOS 13,HCM,11.5,1,0.777,256.0,78.0,72.0,0.0,0.0,0.0,0.0,35.1,1.0,0.0,0.0,0,0
ASSET-10214,Dell,Latitude 7420,i7-8650U,8.0,512.0,HDD,macOS 13,DN,80.3,0,0.8443103448275862,500.0,86.0,90.0,0.0,0.0,0.0,0.0,75.4,1.0,0.0,0.0,0,0
ASSET-10215,Acer,Swift 3,i7-1185G7,16.0,512.0,NVMe,Windows 10,Singapore,63.6,0,0.5293103448275862,226.0,79.0,82.0,1.0,0.0,0.0,0.0,51.0,1.5,0.0,2.0,1,0
ASSET-10216,Lenovo,T480,Ryzen 5 4500U,8.0,256.0,HDD,macOS 12,Tokyo,57.6,0,0.9511111111111111,451.0,72.0,69.0,0.0,0.0,0.0,0.0,79.7,2.0,0.0,0.0,0,0
ASSET-10217,Apple,MacBook Pro 13,i7-8650U,16.0,1024.0,NVMe,Windows 11,DN,48.6,0,0.8120689655172414,290.0,81.0,72.0,0.0,0.0,0.0,0.0,51.2,1.0,1.0,0.0,0,0
ASSET-10219,Acer,Swift 3,i7-8650U,32.0,256.0,NVMe,macOS 12,Tokyo,13.8,1,0.915875,296.0,79.0,70.0,0.0,0.0,0.0,0.0,25.1,1.0,1.0,1.0,0,0
ASSET-10220,Lenovo,X1 Carbon,M1,16.0,512.0,NVMe,macOS 13,Hue,52.0,0,0.7396,290.0,84.0,66.0,0.0,0.0,0.0,0.0,24.6,1.0,0.0,0.0,0,0
ASSET-10221,Acer,TravelMate P2,M1,16.0,256.0,NVMe,macOS 13,Hue,36.4,0,0.6878846153846154,105.0,70.0,71.0,0.0,0.0,0.0,0.0,37.45,2.0,0.0,0.0,0,0
ASSET-10222,Lenovo,X1 Carbon,Ryzen 7 4800U,16.0,512.0,NVMe,Windows 11,HCM,46.8,0,0.6396551724137931,173.0,78.5,68.0,1.0,0.0,0.0,0.0,50.8,4.0,0.0,0.0,0,0
ASSET-10223,Dell,Latitude 5420,i7-8650U,16.0,1024.0,NVMe,Windows 10,Hue,28.1,0,0.8614,546.0,66.0,71.0,0.0,0.0,0.0,0.0,39.400000000000006,1.0,2.0,0.0,0,0
ASSET-10224,Dell,Precision 3560,i5-8250U,32.0,1024.0,NVMe,Windows 11,HCM,33.7,0,0.7048888888888889,263.0,93.0,86.0,0.0,0.0,0.0,0.0,69.5,1.0,0.0,0.0,0,0
ASSET-10225,Acer,Swift 3,M2,32.0,512.0,NVMe,macOS 12,HN,16.9,0,0.6586538461538461,124.0,73.0,67.0,0.0,0.0,0.0,0.0,37.45,2.0,0.0,0.0,0,0
ASSET-10226,Lenovo,T480,i7-8650U,16.0,256.0,HDD,macOS 12,HN,28.8,1,0.8202,279.0,82.0,69.0,0.0,0.0,0.0,0.0,45.9,2.0,0.0,0.0,0,0
ASSET-10227,HP,ProBook 450,M2,8.0,512.0,SSD,macOS 12,Tokyo,42.3,0,0.7451724137931034,356.0,70.0,63.0,0.0,0.0,0.0,0.0,26.6,1.0,0.0,0.0,0,0
ASSET-10229,Asus,ZenBook 14,Ryzen 5 4500U,32.0,1024.0,HDD,Windows 11,Tokyo,53.7,0,0.9298275862068965,332.0,76.0,58.0,0.0,0.0,0.0,0.0,34.0,1.0,0.0,0.0,0,0
ASSET-10230,Acer,Aspire 5,M1,32.0,512.0,SSD,macOS 12,Hue,68.8,0,0.6575862068965517,514.0,80.0,67.0,0.0,0.0,0.0,1.0,37.45,1.5,0.0,0.0,0,0
ASSET-10231,Asus,VivoBook 15,M1,16.0,512.0,SSD,Ubuntu 22.04,Singapore,52.7,0,0.7586,494.0,79.0,86.0,0.0,0.0,0.0,0.0,59.7,2.0,0.0,1.0,0,0
ASSET-10232,Apple,MacBook Air,i7-1185G7,16.0,512.0,NVMe,macOS 12,HN,27.4,0,1.1262,290.0,73.0,69.0,0.0,0.0,0.0,0.0,52.8,0.0,1.0,0.0,0,0
ASSET-10233,MSI,Modern 14,M1,16.0,512.0,NVMe,Windows 11,Tokyo,46.5,0,0.5856896551724138,271.0,80.0,71.0,0.0,0.0,0.0,0.0,38.7,2.0,0.0,0.0,0,0
ASSET-10234,Asus,ZenBook 14,M2,16.0,512.0,NVMe,macOS 12,HN,76.9,0,1.011923076923077,157.0,75.0,69.0,1.0,0.0,0.0,0.0,23.5,1.0,0.0,0.0,0,0
ASSET-10235,Dell,Precision 3560,i7-1185G7,16.0,1024.0,SSD,macOS 13,Tokyo,56.3,0,0.9135,208.0,77.0,75.0,0.0,0.0,0.0,0.0,3.0,2.0,0.0,1.0,1,0
ASSET-10236,HP,ZBook 15,M1,8.0,256.0,SSD,Windows 10,DN,52.3,0,0.7225,427.0,93.0,79.0,1.0,0.0,0.0,0.0,49.3,0.0,0.0,1.0,1,0
ASSET-10237,Apple,MacBook Pro 14,Ryzen 7 4800U,32.0,512.0,SSD,Ubuntu 22.04,HCM,35.2,0,0.9774137931034482,375.0,82.0,72.0,0.0,0.0,0.0,0.0,35.8,1.0,0.0,0.0,0,0
ASSET-10238,Apple,MacBook Pro 14,i5-8250U,32.0,512.0,NVMe,Ubuntu 22.04,HCM,62.2,0,1.033111111111111,237.0,82.0,59.0,0.0,0.0,0.0,0.0,38.1,1.0,1.0,0.0,0,0
ASSET-10239,MSI,Modern 14,M2,16.0,256.0,NVMe,Windows 11,HN,11.3,1,0.7396153846153846,498.0,71.0,83.0,0.0,0.0,0.0,0.0,38.7,2.0,1.0,0.0,0,0
ASSET-10240,Dell,Latitude 7420,Ryzen54500U,16.0,1024.0,NVMe,macOS 12,HCM,28.6,0,0.755,223.0,61.0,66.0,0.0,0.0,0.0,0.0,33.1,1.0,1.0,1.0,0,0
ASSET-10241,MSI,GF65,Ryzen 7 4800U,32.0,256.0,NVMe,macOS 12,Hue,11.0,1,0.7173333333333334,325.0,72.0,52.0,1.0,0.0,0.0,0.0,62.9,1.0,0.0,1.0,0,0
ASSET-10242,Dell,Precision 3560,M1,32.0,512.0,NVMe,macOS 12,Tokyo,22.3,1,0.7308,473.0,76.0,75.0,0.0,0.0,0.0,0.0,39.400000000000006,2.0,0.0,0.0,0,0
ASSET-10243,Lenovo,L14,i5-1135G7,8.0,512.0,HDD,macOS 12,Tokyo,,0,0.7836206896551724,256.0,78.5,69.0,1.0,0.0,0.0,0.0,41.3,2.0,0.0,0.0,0,0
ASSET-10244,Apple,MacBook Air,Ryzen74800U,16.0,256.0,HDD,macOS 12,Hue,34.6,0,0.6299137931034483,409.0,78.0,67.0,0.0,0.0,0.0,0.0,35.5,1.0,1.0,1.0,0,0
ASSET-10245,MSI,Prestige 14,M2,8.0,1024.0,HDD,macOS 12,Tokyo,31.4,0,0.6880392156862745,287.0,68.0,84.0,0.0,0.0,0.0,0.0,30.5,2.0,2.0,0.0,0,0
ASSET-10246,Apple,MacBook Pro 14,i7-8650U,8.0,512.0,NVMe,Windows 10,HN,47.7,0,0.5956,192.0,61.0,83.0,0.0,0.0,0.0,0.0,35.8,0.0,1.0,0.0,0,0
ASSET-10247,Apple,MacBook Pro 13,i7-8650U,16.0,512.0,NVMe,macOS 13,HN,45.2,0,0.67725,266.0,73.0,76.0,2.0,0.0,0.0,0.0,32.8,2.0,0.0,0.0,0,0
ASSET-10248,Apple,MacBook Pro 14,i5-8250U,32.0,512.0,HDD,macOS 13,Tokyo,60.4,0,0.9005,198.0,78.0,67.0,0.0,0.0,0.0,0.0,19.6,1.0,0.0,0.0,0,0
ASSET-10249,Asus,VivoBook 15,Ryzen 7 4800U,16.0,512.0,SSD,macOS 13,Tokyo,22.9,1,0.6438,300.0,72.0,71.0,0.0,0.0,0.0,0.0,22.1,2.0,0.0,1.0,0,0
ASSET-10250,MSI,Modern 14,i5-8250U,8.0,512.0,HDD,Windows 11,HCM,22.2,1,0.50525,299.0,68.0,70.0,0.0,0.0,0.0,0.0,38.7,2.0,0.0,0.0,1,0
ASSET-10251,Lenovo,T480,M2,16.0,1024.0,NVMe,Windows 10,Singapore,11.0,1,0.9851111111111112,195.0,71.0,76.0,0.0,0.0,0.0,0.0,17.2,1.0,0.0,0.0,0,0
ASSET-10252,Lenovo,T14 Gen2,Ryzen 7 4800U,8.0,256.0,SSD,macOS 13,HN,79.8,0,0.8957777777777778,279.0,74.0,69.0,0.0,0.0,0.0,0.0,41.3,4.0,0.0,0.0,0,0
ASSET-10253,Lenovo,T480,i7-1185G7,8.0,1024.0,NVMe,Windows 11,Singapore,75.5,0,0.6884,269.0,83.0,92.0,0.0,0.0,0.0,0.0,27.6,2.0,0.0,0.0,0,0
ASSET-10254,HP,Envy 13,Ryzen 5 4500U,8.0,1024.0,SSD,macOS 13,Hue,77.0,0,0.64125,284.0,82.0,68.0,0.0,0.0,0.0,0.0,30.9,2.0,1.0,0.0,0,0
ASSET-10255,Lenovo,T480,M1,16.0,1024.0,SSD,Ubuntu 22.04,HCM,37.1,0,0.6396551724137931,434.0,83.0,62.0,0.0,0.0,0.0,0.0,55.1,0.0,0.0,0.0,0,0
ASSET-10256,Apple,MacBook Air,i7-8650U,8.0,1024.0,SSD,Windows 10,Tokyo,69.7,0,0.9374,172.0,84.0,71.0,0.0,0.0,0.0,0.0,18.6,1.0,0.0,1.0,0,0
ASSET-10257,Lenovo,L14,Ryzen 7 4800U,8.0,1024.0,HDD,Windows 10,Hue,9.1,1,0.7776923076923077,586.0,85.0,69.0,0.0,0.0,0.0,0.0,80.70499999999997,2.0,0.0,0.0,0,0
ASSET-10258,Lenovo,L14,Ryzen 7 4800U,16.0,256.0,HDD,Ubuntu 22.04,HCM,39.8,0,0.7865,279.0,78.0,73.0,0.0,0.0,0.0,0.0,41.3,2.0,0.0,0.0,0,0
ASSET-10259,MSI,GF65,i5-1135G7,16.0,512.0,NVMe,Ubuntu 22.04,HCM,65.4,0,0.7498039215686274,129.0,93.0,64.0,0.0,0.0,0.0,0.0,32.4,0.0,0.0,0.0,0,0
ASSET-10260,Apple,MacBook Pro 14,M2,8.0,512.0,SSD,macOS 13,HN,,1,0.7913793103448276,290.0,67.0,65.0,0.0,0.0,0.0,1.0,22.8,1.0,0.0,0.0,0,0
ASSET-10261,Asus,ZenBook 14,Ryzen 5 4500U,32.0,1024.0,SSD,Windows 11,DN,73.6,0,0.729423076923077,304.0,75.0,71.0,0.0,0.0,0.0,0.0,36.900000000000006,2.0,0.0,0.0,0,0
ASSET-10262,Lenovo,T14 Gen2,Ryzen 7 4800U,8.0,1024.0,HDD,Windows 11,Singapore,31.3,1,0.9205769230769231,279.0,78.5,63.0,0.0,0.0,0.0,0.0,50.6,2.0,0.0,0.0,0,0
ASSET-10263,HP,Envy 13,i5-8250U,8.0,1024.0,HDD,Windows 11,DN,,0,0.84,354.0,69.0,68.0,0.0,0.0,0.0,0.0,48.3,2.0,0.0,0.0,0,0
ASSET-10264,Acer,TravelMate P2,Ryzen 5 4500U,32.0,512.0,NVMe,Windows 10,HN,45.2,0,0.945,477.0,83.0,60.0,0.0,0.0,0.0,0.0,23.2,5.0,0.0,0.0,0,0
ASSET-10265,HP,ZBook 15,Ryzen 5 4500U,8.0,512.0,SSD,macOS 13,Tokyo,79.1,0,0.8396551724137931,138.0,70.0,53.0,1.0,0.0,0.0,0.0,38.7,2.0,0.0,0.0,0,0
ASSET-10266,Dell,Latitude 7420,Ryzen 5 4500U,16.0,256.0,HDD,macOS 13,HN,55.9,0,0.573,286.5,79.0,75.0,2.0,0.0,0.0,0.0,15.0,2.0,0.0,0.0,0,0
ASSET-10267,MSI,Modern 14,i5-1135G7,16.0,1024.0,HDD,Windows 11,DN,34.3,1,0.718,299.0,85.0,70.0,0.0,0.0,0.0,0.0,17.6,3.0,0.0,0.0,0,0
ASSET-10268,Lenovo,T14 Gen2,Ryzen 7 4800U,8.0,512.0,SSD,Windows 10,Singapore,42.1,0,0.9735555555555555,30.57,71.0,68.0,0.0,0.0,0.0,0.0,41.6,3.0,0.0,0.0,0,0
ASSET-10269,MSI,Prestige 14,Ryzen 5 4500U,8.0,256.0,HDD,Windows 11,HN,65.1,0,0.8792307692307693,197.0,79.0,57.0,0.0,0.0,0.0,0.0,23.9,0.0,1.0,0.0,0,0
ASSET-10270,Dell,Latitude 5420,Ryzen 7 4800U,8.0,512.0,HDD,Windows 11,Singapore,15.8,0,0.6892307692307692,640.0,77.0,75.0,0.0,0.0,0.0,0.0,39.400000000000006,2.0,1.0,0.0,0,1
ASSET-10271,Apple,MacBook Pro 14,M2,16.0,1024.0,SSD,Ubuntu 22.04,HCM,8.5,1,0.6613333333333333,290.0,84.0,70.0,0.0,0.0,0.0,0.0,18.6,2.0,0.0,1.0,0,1
ASSET-10272,Apple,MacBook Pro 13,M1,16.0,256.0,SSD,Ubuntu 22.04,Tokyo,,1,0.8452,290.0,78.0,81.0,0.0,0.0,0.0,0.0,35.8,3.0,0.0,0.0,0,0
ASSET-10273,HP,EliteBook 840,M1,32.0,256.0,HDD,macOS 12,Tokyo,79.4,0,0.5566,501.0,80.0,73.0,0.0,0.0,0.0,0.0,27.7,0.0,0.0,0.0,0,0
ASSET-10274,Dell,XPS 13,M1,16.0,512.0,NVMe,macOS 12,HN,62.6,0,0.6675555555555556,222.0,73.0,70.0,0.0,0.0,0.0,0.0,39.400000000000006,1.0,0.0,0.0,0,0
ASSET-10276,Apple,MacBook Air,i7-8650U,16.0,512.0,SSD,macOS 12,DN,17.1,0,0.913375,286.0,78.0,62.0,0.0,0.0,0.0,0.0,59.6,0.0,2.0,0.0,0,0
ASSET-10277,Acer,Swift 3,i7-8650U,16.0,1024.0,HDD,macOS 12,Singapore,61.2,0,0.5828888888888889,296.0,92.0,48.19,0.0,0.0,0.0,0.0,33.5,1.5,0.0,0.0,1,0
ASSET-10278,MSI,GF65,i5-1135G7,16.0,512.0,SSD,macOS 12,DN,78.6,0,1.0301960784313726,393.0,66.0,94.61999999999989,2.0,0.0,0.0,0.0,50.1,2.0,0.0,0.0,0,0
ASSET-10279,Lenovo,L14,M1,32.0,512.0,SSD,Windows 11,Hue,24.0,0,0.6603846153846153,247.0,86.0,67.0,0.0,0.0,0.0,0.0,72.0,0.0,0.0,1.0,0,0
ASSET-10280,Asus,ROG Zephyrus G14,M2,32.0,512.0,SSD,Windows 11,Hue,41.0,0,0.41725,300.0,82.0,49.0,4.0,0.0,0.0,0.0,28.4,3.0,0.0,0.0,0,0
ASSET-10281,Asus,ROG Zephyrus G14,i7-1185G7,32.0,512.0,SSD,macOS 13,Tokyo,34.8,0,0.734423076923077,123.0,75.0,90.0,0.0,0.0,0.0,0.0,71.9,2.0,0.0,0.0,0,0
ASSET-10282,Lenovo,T14 Gen2,i5-1135G7,16.0,1024.0,NVMe,Ubuntu 22.04,HN,69.8,0,0.874,398.0,75.0,93.0,0.0,0.0,0.0,0.0,3.1,2.0,0.0,0.0,0,0
ASSET-10283,MSI,Modern 14,M1,16.0,512.0,NVMe,Windows 10,HN,66.8,0,0.6748076923076923,317.0,78.0,70.0,0.0,0.0,0.0,0.0,14.0,2.0,0.0,0.0,0,0
ASSET-10284,Dell,Latitude 7420,i5-1135G7,8.0,256.0,NVMe,Windows 11,DN,64.9,0,0.8856,333.0,75.0,75.0,1.0,0.0,0.0,0.0,23.4,1.0,0.0,1.0,0,0
ASSET-10285,Apple,MacBook Air,M1,16.0,256.0,NVMe,Ubuntu 22.04,DN,37.0,0,1.038,204.0,78.0,72.0,0.0,0.0,0.0,0.0,14.1,1.0,0.0,0.0,0,0
ASSET-10286,Dell,Precision 3560,Ryzen 5 4500U,32.0,256.0,NVMe,Windows 11,HCM,,0,0.7308,283.0,93.0,75.0,0.0,0.0,0.0,0.0,53.0,0.0,0.0,0.0,1,0
ASSET-10287,Lenovo,L14,i5-8250U,16.0,1024.0,SSD,Windows 10,Hue,,0,0.67875,245.0,75.0,72.0,0.0,0.0,0.0,0.0,63.0,2.0,0.0,1.0,0,0
ASSET-10288,HP,Envy 13,Ryzen 7 4800U,32.0,256.0,NVMe,Windows 10,DN,57.3,0,0.80925,273.0,77.0,78.0,0.0,0.0,0.0,0.0,63.9,1.0,0.0,1.0,0,0
ASSET-10289,HP,Envy 13,i7-8650U,16.0,512.0,SSD,Windows 11,Tokyo,68.0,0,1.0345,284.0,70.0,64.0,0.0,0.0,0.0,0.0,55.3,5.0,0.0,0.0,0,0
ASSET-10290,Asus,ZenBook 14,i5-1135G7,32.0,512.0,NVMe,Windows 10,HN,,0,0.729423076923077,296.0,75.0,67.0,0.0,0.0,0.0,0.0,28.7,4.0,1.0,0.0,0,0
ASSET-10291,Dell,Precision 3560,M1,8.0,1024.0,SSD,Windows 11,HCM,42.9,0,0.6957777777777778,363.0,72.0,75.0,0.0,0.0,0.0,0.0,46.2,5.0,0.0,0.0,0,0
ASSET-10292,Asus,VivoBook 15,i7-8650U,16.0,256.0,HDD,macOS 12,HN,48.0,0,0.873,128.0,77.0,72.0,0.0,0.0,0.0,0.0,17.6,2.0,0.0,0.0,0,0
ASSET-10293,MSI,GF65,Ryzen 5 4500U,32.0,512.0,HDD,Ubuntu 22.04,Hue,18.8,1,0.48686274509803923,240.0,96.0,70.0,0.0,0.0,0.0,0.0,47.6,4.0,0.0,0.0,0,0
ASSET-10294,Acer,Swift 3,Ryzen 7 4800U,16.0,512.0,NVMe,macOS 12,DN,19.2,1,0.7327,310.0,79.0,79.0,0.0,0.0,0.0,0.0,19.5,1.5,0.0,1.0,0,0
ASSET-10295,Dell,XPS 13,M1,16.0,1024.0,SSD,Windows 10,DN,73.3,0,0.5446666666666666,254.0,77.0,48.19,1.0,0.0,0.0,0.0,58.9,2.0,0.0,1.0,0,0
ASSET-10296,MSI,GF65,i7-1185G7,16.0,512.0,SSD,Ubuntu 22.04,Singapore,53.3,0,0.4819230769230769,54.0,73.0,77.0,1.0,0.0,0.0,0.0,38.7,2.0,0.0,0.0,1,0
ASSET-10297,Asus,VivoBook 15,i5-8250U,16.0,1024.0,HDD,Windows 10,HCM,26.9,0,0.4308,175.0,74.0,76.0,0.0,0.0,0.0,0.0,53.6,2.0,1.0,1.0,0,0
ASSET-10298,MSI,Prestige 14,i7-8650U,32.0,512.0,SSD,Windows 11,HCM,64.9,0,0.5288461538461539,514.0,76.0,74.0,0.0,0.0,0.0,0.0,38.7,2.0,0.0,0.0,1,0
ASSET-10299,HP,EliteBook 840,M1,32.0,256.0,HDD,macOS 12,Hue,30.4,1,0.7124,232.0,77.0,74.0,1.0,0.0,0.0,1.0,39.8,0.0,0.0,1.0,0,0
ASSET-10300,Dell,XPS 13,i5-1135G7,16.0,1024.0,HDD,macOS 12,HCM,17.8,1,0.666923076923077,286.5,86.0,67.0,0.0,0.0,0.0,0.0,39.400000000000006,2.0,0.0,0.0,0,0
ASSET-10301,MSI,GF65,M1,16.0,256.0,SSD,macOS 13,DN,66.2,0,0.72725,370.0,75.0,62.0,0.0,0.0,0.0,0.0,16.6,2.0,0.0,0.0,0,0
ASSET-10302,Acer,Swift 3,Ryzen 7 4800U,16.0,1024.0,NVMe,Windows 10,DN,76.0,0,0.9453333333333334,327.0,82.0,68.0,0.0,0.0,0.0,0.0,36.7,1.5,0.0,1.0,0,0
ASSET-10303,MSI,Prestige 14,i5-1135G7,16.0,256.0,NVMe,macOS 13,HN,27.2,1,0.5672413793103448,331.0,76.0,63.0,0.0,0.0,0.0,0.0,50.3,1.0,0.0,0.0,0,0
ASSET-10304,Asus,ROG Zephyrus G14,i7-8650U,32.0,512.0,SSD,Ubuntu 22.04,Tokyo,33.3,0,0.7586,110.0,74.0,70.0,0.0,0.0,0.0,0.0,32.0,2.0,0.0,0.0,1,1
ASSET-10305,Asus,VivoBook 15,i5-8250U,8.0,256.0,SSD,macOS 13,HCM,54.1,0,0.7586,300.0,75.0,70.0,0.0,0.0,0.0,0.0,29.4,2.0,0.0,0.0,0,0
ASSET-10306,Acer,Aspire 5,Ryzen 7 4800U,32.0,512.0,NVMe,Windows 11,Singapore,20.0,1,0.7327,446.0,90.0,79.0,0.0,0.0,0.0,0.0,37.45,0.0,0.0,0.0,1,0
ASSET-10308,Asus,VivoBook 15,Ryzen 5 4500U,8.0,512.0,HDD,Windows 11,HN,7.5,0,0.6405,244.0,80.0,86.0,1.0,0.0,0.0,0.0,18.1,4.0,1.0,0.0,0,0
ASSET-10309,Lenovo,X1 Carbon,i7-8650U,16.0,512.0,NVMe,Ubuntu 22.04,HCM,50.8,0,0.52,78.0,76.0,69.0,0.0,0.0,0.0,0.0,43.5,3.0,1.0,0.0,0,0
ASSET-10310,Asus,ROG Zephyrus G14,M2,8.0,512.0,SSD,Windows 11,HN,48.5,0,0.717,472.0,87.0,67.0,2.0,0.0,0.0,0.0,33.3,2.0,1.0,0.0,0,0
ASSET-10311,MSI,GF65,i5-8250U,32.0,1024.0,SSD,macOS 12,Tokyo,33.6,0,0.7780392156862745,464.0,75.0,83.0,0.0,0.0,0.0,0.0,11.9,2.0,0.0,0.0,0,0
ASSET-10312,Lenovo,T14 Gen2,i7-8650U,16.0,1024.0,HDD,macOS 13,HN,24.6,0,0.8321153846153846,286.0,85.0,69.0,0.0,0.0,0.0,0.0,34.7,2.0,0.0,1.0,0,0
ASSET-10313,HP,Envy 13,i5-8250U,32.0,256.0,SSD,Windows 11,Singapore,63.3,0,0.8939655172413793,249.0,81.0,71.0,1.0,0.0,0.0,0.0,43.4,3.0,0.0,1.0,0,0
ASSET-10314,Acer,Swift 3,Ryzen 7 4800U,32.0,1024.0,HDD,macOS 12,DN,69.1,0,0.6675,451.0,64.0,85.0,0.0,0.0,0.0,0.0,41.9,2.0,0.0,1.0,0,0
ASSET-10315,Asus,VivoBook 15,Ryzen 5 4500U,16.0,512.0,HDD,Windows 11,HN,33.1,0,0.7586,278.0,82.0,66.0,0.0,0.0,0.0,0.0,36.900000000000006,5.0,0.0,0.0,0,0
ASSET-10316,MSI,Prestige 14,i7-8650U,16.0,512.0,HDD,Ubuntu 22.04,HCM,65.6,0,0.7098039215686275,299.0,80.0,54.0,0.0,0.0,0.0,0.0,38.7,2.0,0.0,0.0,0,0
ASSET-10317,Acer,Swift 3,i7-1185G7,16.0,256.0,HDD,macOS 12,HN,47.0,0,0.7125,313.0,96.80999999999995,53.0,0.0,0.0,0.0,0.0,47.1,0.0,0.0,0.0,0,0
ASSET-10318,HP,Envy 13,M2,16.0,256.0,SSD,Windows 10,DN,27.0,1,0.6947115384615384,46.0,62.0,78.0,2.0,0.0,0.0,0.0,1.619,1.0,0.0,0.0,0,0
ASSET-10319,HP,Envy 13,i5-8250U,16.0,512.0,NVMe,Windows 11,DN,20.2,1,0.903125,251.0,77.0,72.0,0.0,0.0,0.0,0.0,49.5,0.0,0.0,0.0,0,0
ASSET-10320,Dell,Precision 3560,i7-1185G7,8.0,256.0,SSD,macOS 13,HCM,40.9,0,0.5391379310344827,286.5,70.0,73.0,0.0,0.0,0.0,0.0,38.4,2.0,0.0,1.0,0,1
ASSET-10321,Lenovo,L14,i5-8250U,16.0,512.0,HDD,Windows 11,HCM,37.9,0,1.0026,213.0,92.0,69.0,0.0,0.0,0.0,0.0,41.3,5.0,0.0,0.0,1,0
ASSET-10322,Acer,Aspire 5,i7-1185G7,16.0,1024.0,SSD,Windows 10,HN,60.9,0,0.7622,543.0,70.0,61.0,2.0,0.0,0.0,1.0,7.7,3.0,0.0,0.0,0,1
ASSET-10323,Lenovo,L14,i5-1135G7,32.0,512.0,SSD,Windows 11,HN,29.3,0,0.7134615384615385,344.0,78.5,65.0,0.0,0.0,0.0,0.0,43.6,4.0,0.0,0.0,0,0
ASSET-10324,Acer,Aspire 5,Ryzen 7 4800U,32.0,512.0,SSD,Windows 11,Singapore,46.2,0,0.655,151.0,79.0,74.0,0.0,0.0,0.0,0.0,9.2,1.0,1.0,0.0,0,0
ASSET-10325,MSI,Prestige 14,i7-8650U,32.0,256.0,HDD,Windows 11,DN,52.9,0,0.6917241379310345,278.0,75.0,77.0,0.0,0.0,0.0,0.0,26.0,3.0,0.0,0.0,0,0
ASSET-10326,Lenovo,T14 Gen2,Ryzen 7 4800U,16.0,512.0,SSD,Windows 11,Singapore,20.5,1,0.7134615384615385,273.0,79.0,75.0,0.0,0.0,0.0,0.0,60.4,2.0,0.0,1.0,0,0
ASSET-10327,MSI,GF65,i7-1185G7,16.0,512.0,SSD,Windows 10,HN,22.6,0,0.6748076923076923,415.0,69.0,82.0,0.0,0.0,0.0,1.0,30.1,2.0,0.0,0.0,0,0
ASSET-10328,Apple,MacBook Pro 14,i5-1135G7,16.0,1024.0,SSD,Windows 11,HCM,66.4,0,0.8968,173.0,78.0,69.0,0.0,0.0,0.0,0.0,42.4,1.0,0.0,0.0,0,0
ASSET-10329,MSI,GF65,i5-8250U,16.0,1024.0,SSD,macOS 13,Hue,,0,0.8862745098039215,204.0,76.0,73.0,0.0,0.0,0.0,0.0,38.7,2.0,0.0,0.0,0,0
ASSET-10330,Acer,Swift 3,i5-1135G7,16.0,256.0,HDD,Ubuntu 22.04,HN,54.5,0,0.7327,357.0,65.0,48.19,0.0,0.0,0.0,0.0,37.45,0.0,1.0,0.0,0,0
ASSET-10331,Apple,MacBook Air,Ryzen 5 4500U,16.0,1024.0,SSD,Ubuntu 22.04,HN,52.2,0,0.7125,469.0,78.0,74.0,0.0,0.0,0.0,0.0,65.2,2.0,0.0,0.0,0,0
ASSET-10332,MSI,Modern 14,M1,32.0,512.0,HDD,Windows 11,DN,18.2,1,0.6432,447.0,65.0,70.0,0.0,0.0,0.0,0.0,39.8,2.0,0.0,0.0,0,0
ASSET-10333,Dell,XPS 13,i5-1135G7,16.0,512.0,HDD,Windows 11,Hue,68.2,0,0.79175,286.5,73.0,64.0,0.0,0.0,0.0,0.0,28.3,2.0,0.0,1.0,0,0
ASSET-10334,HP,ProBook 450,M1,32.0,512.0,NVMe,Windows 10,DN,35.9,0,0.8903846153846153,276.0,64.0,94.61999999999989,0.0,0.0,0.0,0.0,38.7,3.0,0.0,0.0,0,0
ASSET-10335,MSI,Prestige 14,M1,32.0,1024.0,SSD,macOS 12,HCM,44.9,0,0.602,327.0,70.0,72.0,0.0,0.0,0.0,0.0,27.5,1.0,1.0,0.0,0,0
ASSET-10336,HP,EliteBook 840,i7-8650U,16.0,256.0,HDD,macOS 13,DN,22.7,1,0.4238,419.0,78.0,77.0,0.0,0.0,0.0,0.0,46.5,2.0,0.0,0.0,0,0
ASSET-10337,Asus,ROG Zephyrus G14,i7-8650U,8.0,1024.0,SSD,macOS 12,Hue,46.6,0,0.7866,30.57,75.0,73.0,3.0,0.0,0.0,0.0,78.6,1.0,2.0,0.0,0,0
ASSET-10338,Acer,Aspire 5,Ryzen 5 4500U,16.0,1024.0,NVMe,macOS 13,HN,21.4,0,0.915875,296.0,80.0,71.0,0.0,0.0,0.0,0.0,5.7,0.0,0.0,0.0,0,0
ASSET-10339,Dell,Latitude 5420,Ryzen 7 4800U,32.0,512.0,HDD,macOS 13,HCM,17.7,1,0.8238,286.5,77.0,81.0,0.0,0.0,0.0,0.0,44.2,2.0,0.0,0.0,0,0
ASSET-10340,Asus,ROG Zephyrus G14,i5-8250U,16.0,1024.0,NVMe,macOS 12,HN,32.5,1,0.8652,300.0,71.0,60.0,1.0,0.0,0.0,0.0,79.0,2.0,0.0,0.0,0,0
ASSET-10341,MSI,Prestige 14,M2,8.0,256.0,HDD,Ubuntu 22.04,HCM,17.2,1,0.5462068965517242,340.0,69.0,70.0,0.0,0.0,0.0,0.0,38.0,3.0,0.0,0.0,1,0
ASSET-10342,Asus,ROG Zephyrus G14,i5-1135G7,16.0,512.0,NVMe,Windows 11,HN,10.7,0,0.7803846153846153,183.0,74.0,71.0,0.0,0.0,0.0,0.0,10.3,0.0,0.0,0.0,0,0
ASSET-10343,Acer,Aspire 5,M1,16.0,1024.0,NVMe,Windows 10,Tokyo,16.4,1,0.6316379310344827,268.0,65.0,62.0,0.0,0.0,0.0,0.0,42.5,2.0,1.0,0.0,0,0
ASSET-10344,HP,ProBook 450,Ryzen 7 4800U,32.0,1024.0,SSD,macOS 12,Tokyo,14.7,0,0.6159615384615384,129.0,77.0,72.0,1.0,0.0,0.0,0.0,32.1,2.0,0.0,2.0,0,0
ASSET-10345,MSI,GF65,M1,16.0,1024.0,SSD,Windows 10,HN,60.5,0,0.906896551724138,274.0,84.0,80.0,0.0,0.0,0.0,0.0,28.2,3.0,0.0,0.0,0,0
ASSET-10346,Lenovo,X1 Carbon,Ryzen 5 4500U,32.0,1024.0,SSD,Windows 11,DN,38.3,0,0.8253846153846154,50.0,61.0,69.0,0.0,0.0,0.0,0.0,26.9,1.0,1.0,0.0,0,0
ASSET-10347,HP,ProBook 450,i5-1135G7,8.0,1024.0,HDD,macOS 13,DN,49.4,0,0.4445,304.0,77.0,69.0,0.0,0.0,0.0,0.0,6.5,0.0,0.0,0.0,1,0
ASSET-10348,Apple,MacBook Pro 13,M2,8.0,512.0,HDD,macOS 13,DN,54.0,0,0.6261538461538462,346.0,80.0,82.0,0.0,0.0,0.0,0.0,26.6,1.0,1.0,0.0,0,0
ASSET-10349,MSI,Prestige 14,i7-1185G7,8.0,512.0,NVMe,Ubuntu 22.04,DN,55.6,0,0.6880392156862745,333.0,83.0,50.0,0.0,0.0,0.0,0.0,80.70499999999997,1.0,0.0,0.0,0,0
ASSET-10350,HP,ZBook 15,M1,8.0,512.0,SSD,macOS 12,DN,38.5,0,0.6204,208.0,72.0,59.0,2.0,0.0,0.0,0.0,46.5,2.0,0.0,0.0,0,0
ASSET-10351,Lenovo,L14,i7-8650U,8.0,1024.0,HDD,Ubuntu 22.04,Singapore,46.4,0,0.742,220.0,85.0,69.0,0.0,0.0,0.0,1.0,61.4,1.0,1.0,0.0,0,1
ASSET-10352,MSI,Prestige 14,i7-1185G7,16.0,512.0,HDD,Windows 11,Tokyo,51.2,0,0.7018,199.0,69.0,49.0,2.0,0.0,0.0,0.0,33.0,3.0,0.0,1.0,0,0
ASSET-10353,Asus,ZenBook 14,i7-8650U,32.0,512.0,NVMe,Windows 11,HCM,58.9,0,0.8025,300.0,71.0,71.0,1.0,0.0,0.0,0.0,30.3,0.0,0.0,0.0,0,0
ASSET-10354,Acer,TravelMate P2,i5-1135G7,8.0,256.0,SSD,Ubuntu 22.04,HN,32.1,0,0.709,476.0,79.0,76.0,0.0,0.0,0.0,1.0,37.45,2.0,0.0,1.0,0,0
ASSET-10355,Dell,Precision 3560,i7-1185G7,16.0,1024.0,SSD,Windows 10,HN,19.5,1,0.6762068965517242,476.0,74.0,75.0,1.0,0.0,0.0,0.0,39.400000000000006,2.0,1.0,0.0,0,0
ASSET-10356,Apple,MacBook Pro 14,M1,16.0,256.0,HDD,Ubuntu 22.04,HCM,49.2,0,1.0273333333333334,290.0,84.0,82.0,0.0,0.0,0.0,0.0,57.0,2.0,0.0,0.0,0,0
ASSET-10357,Lenovo,L14,Ryzen54500U,32.0,512.0,SSD,Windows 10,DN,38.8,0,0.742,362.0,87.0,69.0,1.0,0.0,0.0,0.0,59.6,2.0,0.0,0.0,0,0
ASSET-10358,Apple,MacBook Air,i7-8650U,16.0,512.0,NVMe,macOS 13,HN,36.5,0,0.5644,378.0,78.0,66.0,0.0,0.0,0.0,0.0,40.1,1.0,1.0,0.0,0,0
ASSET-10359,Asus,ROG Zephyrus G14,i7-1185G7,8.0,256.0,SSD,Windows 10,HN,28.0,1,0.8206666666666667,5000.0,70.0,85.0,0.0,0.0,0.0,1.0,50.8,2.0,0.0,0.0,0,0
ASSET-10360,Acer,Aspire 5,M1,32.0,256.0,NVMe,Windows 11,HCM,,0,0.8141111111111111,267.0,83.0,74.0,0.0,0.0,0.0,0.0,21.4,1.0,0.0,0.0,0,0
ASSET-10361,MSI,Modern 14,Ryzen 7 4800U,32.0,256.0,NVMe,macOS 13,HN,8.9,1,0.9536,299.0,75.0,61.0,0.0,0.0,0.0,0.0,50.8,2.0,0.0,0.0,0,0
ASSET-10363,Lenovo,L14,Ryzen 5 4500U,16.0,512.0,HDD,Windows 10,Tokyo,70.9,0,0.7171153846153846,479.0,84.0,62.0,0.0,0.0,0.0,1.0,78.9,2.0,0.0,0.0,0,0
ASSET-10364,Acer,Aspire 5,M2,8.0,1024.0,HDD,Windows 11,Singapore,69.2,0,0.7151923076923077,361.0,89.0,79.0,0.0,0.0,0.0,0.0,19.9,2.0,0.0,0.0,0,0
ASSET-10365,MSI,Prestige 14,M1,32.0,256.0,SSD,macOS 13,HN,9.2,1,0.71325,354.0,81.0,65.0,0.0,0.0,0.0,0.0,23.1,1.0,0.0,0.0,0,0
ASSET-10366,MSI,Modern 14,i7-1185G7,16.0,512.0,SSD,Windows 10,Tokyo,68.4,0,0.675,257.0,76.0,70.0,0.0,0.0,0.0,0.0,16.3,3.0,2.0,0.0,0,0
ASSET-10367,Lenovo,L14,Ryzen 7 4800U,16.0,256.0,HDD,Windows 10,Tokyo,,0,0.8588,255.0,79.0,83.0,0.0,0.0,0.0,0.0,41.3,2.0,0.0,0.0,0,0
ASSET-10368,Asus,ROG Zephyrus G14,M1,32.0,1024.0,HDD,Ubuntu 22.04,Tokyo,24.3,0,0.7736,300.0,75.0,83.0,1.0,0.0,0.0,0.0,72.7,1.0,0.0,0.0,0,0
ASSET-10369,HP,ProBook 450,M2,32.0,512.0,HDD,macOS 13,Hue,43.8,0,0.5584,496.0,81.0,78.0,0.0,0.0,0.0,1.0,38.7,3.0,0.0,0.0,0,0
ASSET-10370,Acer,TravelMate P2,M1,16.0,512.0,NVMe,macOS 13,DN,35.4,0,0.7327,124.0,76.0,72.0,0.0,0.0,0.0,0.0,53.4,1.0,0.0,0.0,0,0
ASSET-10372,MSI,Modern 14,i5-1135G7,16.0,512.0,HDD,Windows 10,Tokyo,54.8,0,0.6880392156862745,562.0,76.0,94.61999999999989,0.0,0.0,0.0,1.0,40.9,2.0,0.0,0.0,0,0
ASSET-10373,Asus,VivoBook 15,Ryzen 7 4800U,8.0,512.0,SSD,Windows 11,Hue,27.5,0,0.8428888888888889,393.0,94.0,65.0,0.0,0.0,0.0,0.0,53.8,2.0,0.0,0.0,1,1
ASSET-10374,Apple,MacBook Pro 13,M2,32.0,512.0,HDD,macOS 12,DN,77.3,0,0.78025,161.0,78.0,78.0,0.0,0.0,0.0,0.0,16.5,4.0,1.0,0.0,0,0
ASSET-10375,Lenovo,L14,i7-1185G7,16.0,256.0,NVMe,macOS 13,HCM,50.3,0,0.53325,181.0,74.0,71.0,0.0,0.0,0.0,0.0,44.9,1.0,0.0,0.0,0,0
ASSET-10376,Acer,Aspire 5,M1,16.0,512.0,HDD,Ubuntu 22.04,Singapore,79.2,0,0.915875,296.0,88.0,71.0,1.0,0.0,0.0,0.0,38.2,2.0,1.0,0.0,0,0
ASSET-10377,Dell,Latitude 5420,i5-8250U,16.0,512.0,SSD,Windows 10,HN,53.1,0,0.649,533.0,80.0,75.0,0.0,0.0,0.0,0.0,39.2,1.0,2.0,0.0,0,0
ASSET-10378,Dell,XPS 13,i7-1185G7,16.0,512.0,NVMe,macOS 12,HCM,71.9,0,0.7088461538461538,305.0,79.0,75.0,1.0,0.0,0.0,0.0,24.2,3.0,1.0,0.0,0,0
ASSET-10379,MSI,GF65,M2,32.0,1024.0,HDD,Ubuntu 22.04,Tokyo,70.5,0,0.605,299.0,77.0,62.0,0.0,0.0,0.0,0.0,47.2,4.0,0.0,0.0,0,0
ASSET-10380,Apple,MacBook Air,Ryzen 7 4800U,16.0,512.0,HDD,macOS 12,Hue,49.6,0,0.5869230769230769,320.0,71.0,72.0,0.0,0.0,0.0,0.0,35.3,1.0,0.0,0.0,0,0
ASSET-10382,MSI,Modern 14,i7-1185G7,16.0,256.0,HDD,macOS 13,DN,68.3,0,0.8098039215686275,122.0,86.0,79.0,0.0,0.0,0.0,1.0,41.0,3.0,1.0,0.0,0,1
ASSET-10383,Apple,MacBook Air,Ryzen 7 4800U,16.0,1024.0,NVMe,Windows 11,Hue,15.4,0,0.49625,290.0,70.0,72.0,0.0,0.0,0.0,0.0,33.9,0.0,0.0,1.0,0,0
ASSET-10384,Apple,MacBook Pro 13,i5-8250U,16.0,512.0,SSD,Windows 10,Tokyo,46.0,0,0.8118888888888889,277.0,81.0,54.0,0.0,0.0,0.0,0.0,22.8,2.0,0.0,1.0,0,0
ASSET-10385,Asus,VivoBook 15,i7-1185G7,16.0,512.0,HDD,Windows 10,Hue,33.8,0,0.7712,300.0,74.0,71.0,0.0,0.0,0.0,0.0,1.7,2.0,0.0,0.0,0,0
ASSET-10386,Lenovo,T480,i5-1135G7,8.0,512.0,SSD,Windows 10,Hue,61.6,0,0.8244444444444444,295.0,83.0,70.0,0.0,0.0,0.0,0.0,41.3,2.0,0.0,0.0,0,0
ASSET-10387,Acer,Swift 3,i7-1185G7,8.0,512.0,NVMe,macOS 13,DN,55.0,0,0.7574137931034483,321.0,89.0,71.0,0.0,0.0,0.0,0.0,30.7,1.5,0.0,1.0,0,0
ASSET-10388,Lenovo,X1 Carbon,Ryzen 7 4800U,16.0,512.0,NVMe,macOS 12,DN,71.6,0,0.7286538461538462,402.0,87.0,76.0,0.0,0.0,0.0,0.0,41.3,4.0,0.0,0.0,0,0
ASSET-10389,MSI,GF65,i5-1135G7,16.0,1024.0,SSD,Windows 11,HCM,26.0,0,0.87725,371.0,81.0,69.0,0.0,0.0,0.0,0.0,45.4,2.0,0.0,0.0,0,0
ASSET-10390,Apple,MacBook Pro 13,Ryzen 5 4500U,16.0,1024.0,HDD,macOS 13,HCM,13.6,0,0.8962,219.0,78.0,83.0,0.0,0.0,0.0,0.0,57.4,1.0,0.0,0.0,0,1
ASSET-10391,HP,ProBook 450,i5-8250U,16.0,1024.0,SSD,macOS 12,HN,46.5,0,0.6477586206896552,47.0,85.0,71.0,1.0,0.0,0.0,0.0,67.5,2.0,1.0,0.0,0,0
ASSET-10392,HP,ProBook 450,i7-1185G7,16.0,1024.0,HDD,Windows 11,Hue,64.1,0,0.7528,412.0,72.0,71.0,2.0,0.0,0.0,0.0,38.7,0.0,0.0,0.0,0,0
ASSET-10393,HP,EliteBook 840,Ryzen 7 4800U,8.0,512.0,NVMe,macOS 12,Singapore,73.4,0,0.903125,201.0,82.0,68.0,0.0,0.0,0.0,0.0,38.7,2.0,0.0,0.0,0,0
ASSET-10394,Apple,MacBook Air,M1,32.0,512.0,NVMe,Windows 11,Singapore,13.3,0,0.759,222.0,84.0,73.0,0.0,0.0,0.0,0.0,35.8,3.0,0.0,0.0,0,0
ASSET-10395,Apple,MacBook Pro 13,i5-8250U,8.0,512.0,NVMe,macOS 12,HCM,71.3,0,0.838,290.0,89.0,76.0,1.0,0.0,0.0,0.0,35.8,1.0,0.0,0.0,0,0
ASSET-10396,Acer,TravelMate P2,i5-8250U,16.0,512.0,NVMe,Windows 11,HN,25.2,0,0.9182758620689655,530.0,74.0,76.0,0.0,0.0,0.0,1.0,47.8,0.0,0.0,0.0,0,0
ASSET-10397,Apple,MacBook Air,i5-8250U,8.0,1024.0,SSD,Windows 10,DN,46.6,0,0.838,300.0,76.0,72.0,0.0,0.0,0.0,0.0,25.4,3.0,0.0,0.0,0,0
ASSET-10398,Apple,MacBook Pro 13,M2,32.0,1024.0,NVMe,Ubuntu 22.04,DN,65.2,0,0.7795,290.0,78.0,72.0,0.0,0.0,0.0,1.0,26.9,3.0,1.0,0.0,0,0
ASSET-10399,MSI,Modern 14,M1,16.0,1024.0,HDD,Windows 11,Tokyo,19.4,0,0.87725,264.0,61.0,58.0,0.0,0.0,0.0,0.0,12.5,2.0,0.0,0.0,0,1
ASSET-10400,Lenovo,X1 Carbon,M2,32.0,512.0,SSD,Windows 10,DN,,0,0.882,266.0,79.0,93.0,0.0,0.0,0.0,0.0,41.3,2.0,1.0,0.0,0,0
ASSET-10401,Acer,TravelMate P2,Ryzen 7 4800U,16.0,512.0,NVMe,macOS 12,HN,13.8,0,0.856551724137931,385.0,96.80999999999995,79.0,0.0,0.0,0.0,0.0,23.0,2.0,0.0,0.0,1,0
ASSET-10402,Lenovo,T14 Gen2,i7-8650U,16.0,512.0,NVMe,macOS 12,HCM,70.8,0,0.86,539.0,78.0,69.0,0.0,0.0,0.0,1.0,53.3,1.0,1.0,0.0,0,0
ASSET-10403,Apple,MacBook Pro 13,i7-8650U,8.0,256.0,NVMe,Windows 10,Hue,68.7,0,0.7025961538461538,290.0,78.0,55.0,0.0,0.0,0.0,0.0,60.9,3.0,0.0,0.0,1,0
ASSET-10404,Asus,VivoBook 15,i5-8250U,16.0,1024.0,HDD,macOS 12,HCM,18.9,1,0.8428888888888889,334.0,75.0,72.0,0.0,0.0,0.0,0.0,22.5,1.0,0.0,0.0,0,0
ASSET-10405,Apple,MacBook Air,Ryzen 7 4800U,32.0,1024.0,SSD,macOS 12,Hue,21.8,0,0.74775,444.0,63.0,72.0,0.0,0.0,0.0,0.0,1.9,1.0,0.0,0.0,0,0
ASSET-10406,Lenovo,T480,M1,16.0,512.0,SSD,macOS 13,HCM,52.9,0,0.9275,406.0,76.0,68.0,0.0,0.0,0.0,0.0,54.9,2.0,1.0,0.0,0,0
ASSET-10407,Lenovo,T14 Gen2,i7-1185G7,16.0,512.0,SSD,macOS 12,HCM,24.1,1,0.634,5000.0,85.0,86.0,2.0,0.0,0.0,0.0,41.3,2.0,0.0,0.0,0,0
ASSET-10408,Lenovo,X1 Carbon,Ryzen 7 4800U,16.0,1024.0,NVMe,Ubuntu 22.04,DN,26.9,0,0.7134615384615385,443.0,77.0,76.0,0.0,0.0,0.0,1.0,52.5,1.0,0.0,0.0,0,0
ASSET-10409,Asus,ZenBook 14,M1,16.0,512.0,NVMe,macOS 12,Tokyo,38.7,0,0.5584444444444444,258.0,71.0,74.0,0.0,0.0,0.0,0.0,42.6,0.0,0.0,0.0,0,0
ASSET-10410,HP,Envy 13,i7-8650U,16.0,256.0,HDD,macOS 13,Hue,33.9,0,0.903125,372.0,77.0,79.0,0.0,0.0,0.0,0.0,38.7,2.0,1.0,0.0,0,0
ASSET-10411,Lenovo,X1 Carbon,i7-1185G7,8.0,1024.0,NVMe,Windows 10,HCM,,0,0.72975,249.0,82.0,69.0,0.0,0.0,0.0,0.0,28.2,1.0,0.0,0.0,0,0
ASSET-10412,HP,Envy 13,i7-1185G7,8.0,512.0,NVMe,Windows 11,HN,67.5,0,0.5826,284.0,75.0,71.0,0.0,0.0,0.0,1.0,33.3,4.0,0.0,0.0,0,0
ASSET-10413,Asus,VivoBook 15,i7-8650U,32.0,1024.0,NVMe,macOS 12,HN,52.5,0,0.6459615384615385,320.0,72.0,66.0,0.0,1.0,0.0,0.0,50.7,2.0,1.0,1.0,0,0
ASSET-10414,HP,ProBook 450,i5-1135G7,16.0,1024.0,NVMe,macOS 13,Singapore,30.5,0,0.6228448275862069,284.0,77.0,64.0,0.0,0.0,0.0,0.0,22.6,2.0,0.0,0.0,1,0
ASSET-10415,MSI,GF65,M1,8.0,256.0,SSD,Windows 11,Singapore,41.2,0,0.87725,299.0,83.0,64.0,0.0,0.0,0.0,0.0,68.1,1.0,0.0,0.0,0,0
ASSET-10416,Asus,VivoBook 15,i7-8650U,32.0,256.0,SSD,macOS 13,HCM,17.4,0,0.6,505.0,61.0,81.0,0.0,0.0,0.0,0.0,49.2,1.0,0.0,0.0,0,0
ASSET-10417,Dell,Latitude 5420,M1,16.0,512.0,HDD,Ubuntu 22.04,HCM,39.8,0,0.788,333.0,73.0,64.0,0.0,0.0,0.0,0.0,1.619,1.0,0.0,2.0,0,0
ASSET-10418,Dell,Latitude 5420,M1,32.0,512.0,SSD,macOS 13,DN,29.5,0,0.7308,286.5,79.0,75.0,0.0,0.0,0.0,0.0,19.5,2.0,1.0,0.0,0,0
ASSET-10419,HP,EliteBook 840,M1,32.0,256.0,NVMe,macOS 13,Tokyo,63.7,0,0.6228448275862069,309.0,82.0,71.0,0.0,0.0,0.0,0.0,29.9,2.0,0.0,1.0,0,0
ASSET-10420,Asus,VivoBook 15,i5-8250U,16.0,1024.0,HDD,Windows 10,HN,80.5,0,0.7753846153846153,498.0,81.0,67.0,0.0,0.0,0.0,0.0,48.0,2.0,0.0,0.0,0,0
ASSET-10421,MSI,Modern 14,Ryzen 7 4800U,32.0,512.0,HDD,macOS 12,HCM,77.5,0,0.605,169.0,76.0,71.0,1.0,0.0,0.0,0.0,38.7,2.0,1.0,0.0,0,0
ASSET-10422,MSI,Prestige 14,i7-8650U,16.0,512.0,HDD,macOS 12,Hue,24.0,0,0.605,229.0,76.0,61.0,0.0,0.0,0.0,0.0,65.1,4.0,1.0,0.0,1,1
ASSET-10423,MSI,Prestige 14,Ryzen 5 4500U,16.0,256.0,SSD,macOS 13,HCM,68.6,0,0.659,183.0,76.0,75.0,0.0,0.0,0.0,0.0,59.4,2.0,0.0,0.0,0,0
ASSET-10424,HP,ProBook 450,M1,16.0,512.0,HDD,Ubuntu 22.04,HN,18.8,1,0.7225,79.0,71.0,72.0,1.0,0.0,0.0,0.0,72.4,3.0,0.0,0.0,0,1
ASSET-10425,HP,ProBook 450,i5-8250U,16.0,512.0,SSD,macOS 12,Hue,54.4,0,0.5253846153846153,362.0,70.0,71.0,2.0,0.0,0.0,0.0,36.6,2.0,0.0,0.0,0,0
ASSET-10426,Acer,Swift 3,Ryzen 7 4800U,32.0,512.0,HDD,Windows 10,HCM,75.3,0,0.7884615384615384,342.0,71.0,70.0,0.0,0.0,0.0,0.0,78.1,0.0,0.0,0.0,0,0
ASSET-10427,HP,EliteBook 840,M1,16.0,1024.0,NVMe,Windows 11,DN,72.0,0,0.6072,84.0,76.0,70.0,0.0,0.0,0.0,0.0,50.8,2.0,0.0,0.0,0,0
ASSET-10428,MSI,GF65,Ryzen 5 4500U,8.0,256.0,HDD,macOS 13,Tokyo,73.6,0,0.9015686274509804,299.0,65.0,65.0,0.0,0.0,0.0,0.0,38.7,2.0,0.0,0.0,0,1
ASSET-10429,Dell,Latitude 5420,Ryzen 5 4500U,8.0,256.0,HDD,Ubuntu 22.04,HCM,47.8,0,0.7308,272.0,72.0,75.0,0.0,0.0,0.0,0.0,33.9,2.0,0.0,0.0,0,0
ASSET-10430,Asus,ZenBook 14,M1,16.0,256.0,NVMe,macOS 12,HN,32.6,0,0.7462222222222222,339.0,76.0,67.0,0.0,0.0,0.0,0.0,36.900000000000006,3.0,0.0,0.0,0,0
ASSET-10431,MSI,Prestige 14,i7-8650U,32.0,256.0,HDD,macOS 12,Singapore,62.2,0,0.605,353.0,76.0,65.0,0.0,0.0,0.0,0.0,40.8,3.0,0.0,0.0,0,0
ASSET-10432,HP,ZBook 15,i5-1135G7,32.0,1024.0,NVMe,Windows 10,DN,77.4,0,0.773,284.0,75.0,67.0,2.0,0.0,0.0,0.0,48.9,3.0,0.0,0.0,0,1
ASSET-10433,HP,Envy 13,i5-1135G7,8.0,256.0,NVMe,Windows 10,HCM,35.0,0,0.7225,302.0,76.0,72.0,2.0,0.0,0.0,0.0,22.3,2.0,0.0,0.0,0,0
ASSET-10434,Asus,VivoBook 15,M1,8.0,1024.0,NVMe,macOS 12,HN,13.3,1,0.555,300.0,95.0,61.0,0.0,0.0,0.0,0.0,36.900000000000006,2.0,2.0,0.0,1,0
ASSET-10435,Lenovo,T480,i7-8650U,32.0,256.0,NVMe,Windows 11,Tokyo,62.4,0,0.62125,279.0,65.0,74.0,2.0,0.0,0.0,0.0,14.9,2.0,2.0,0.0,0,0
ASSET-10436,HP,EliteBook 840,i5-8250U,16.0,512.0,NVMe,Ubuntu 22.04,HN,17.3,0,0.8813461538461539,185.0,72.0,77.0,0.0,0.0,0.0,1.0,38.7,4.0,0.0,0.0,0,0
ASSET-10437,Asus,ROG Zephyrus G14,Ryzen 5 4500U,32.0,256.0,HDD,macOS 13,DN,65.6,0,0.5313461538461538,240.0,75.0,60.0,0.0,0.0,0.0,0.0,36.900000000000006,3.0,0.0,1.0,1,0
ASSET-10438,Acer,Aspire 5,i7-1185G7,32.0,512.0,NVMe,macOS 13,Singapore,46.3,0,0.5810344827586207,237.0,79.0,78.0,0.0,0.0,0.0,0.0,80.0,0.0,0.0,0.0,0,0
ASSET-10439,Dell,Latitude 7420,Ryzen 5 4500U,16.0,1024.0,HDD,Windows 10,DN,50.7,0,0.8963793103448275,470.0,89.0,75.0,0.0,0.0,0.0,0.0,39.400000000000006,2.0,0.0,0.0,0,0
ASSET-10440,Asus,ROG Zephyrus G14,Ryzen 7 4800U,16.0,512.0,NVMe,Windows 11,HCM,42.6,0,0.94825,300.0,78.0,71.0,1.0,0.0,0.0,0.0,1.619,0.0,0.0,0.0,0,0
ASSET-10441,Lenovo,T14 Gen2,i5-8250U,32.0,512.0,NVMe,macOS 12,HCM,28.9,0,0.9275,106.0,86.0,72.0,0.0,0.0,0.0,0.0,52.0,0.0,1.0,0.0,0,0
ASSET-10442,Asus,VivoBook 15,i5-8250U,16.0,512.0,HDD,macOS 12,Singapore,37.4,0,0.729423076923077,88.0,72.0,73.0,0.0,0.0,0.0,0.0,50.2,0.0,1.0,0.0,0,0
ASSET-10443,Lenovo,T14 Gen2,i7-8650U,16.0,512.0,HDD,macOS 13,HN,,0,0.6773333333333333,279.0,84.0,69.0,0.0,0.0,0.0,0.0,1.619,2.0,0.0,0.0,0,0
ASSET-10444,Lenovo,T480,i7-8650U,8.0,512.0,SSD,macOS 12,HCM,36.5,0,0.8507692307692307,279.0,78.5,72.0,0.0,0.0,0.0,0.0,52.3,0.0,1.0,0.0,0,0
ASSET-10445,Lenovo,T14 Gen2,i5-8250U,16.0,512.0,HDD,Windows 10,Singapore,41.1,0,0.8628846153846154,279.0,73.0,64.0,0.0,0.0,0.0,0.0,27.8,3.0,0.0,0.0,0,0
ASSET-10446,Apple,MacBook Pro 14,M1,8.0,256.0,HDD,macOS 13,Singapore,75.2,0,0.7307,141.0,68.0,80.0,0.0,0.0,0.0,0.0,32.7,3.0,2.0,0.0,0,0
ASSET-10447,Apple,MacBook Air,i7-1185G7,32.0,1024.0,SSD,macOS 12,DN,10.1,1,0.724,49.0,83.0,72.0,1.0,0.0,0.0,0.0,11.0,1.0,0.0,0.0,0,0
ASSET-10448,HP,Envy 13,i5-8250U,8.0,512.0,SSD,Ubuntu 22.04,DN,32.1,0,0.7844827586206896,602.0,74.0,75.0,0.0,0.0,0.0,0.0,30.4,2.0,1.0,2.0,0,0
ASSET-10449,MSI,GF65,i5-8250U,16.0,256.0,SSD,Windows 11,HN,34.1,0,0.6880392156862745,299.0,86.0,86.0,0.0,0.0,0.0,0.0,38.7,1.0,0.0,0.0,0,0
ASSET-10450,HP,ProBook 450,i7-8650U,32.0,512.0,HDD,Ubuntu 22.04,Hue,25.0,0,0.903125,217.0,71.0,75.0,0.0,0.0,0.0,0.0,48.2,2.0,0.0,0.0,0,0
ASSET-10451,HP,EliteBook 840,M1,16.0,512.0,HDD,Windows 11,HCM,80.1,0,0.72175,258.0,77.0,71.0,0.0,0.0,0.0,0.0,38.7,3.0,0.0,1.0,0,0
ASSET-10452,HP,Envy 13,i5-1135G7,32.0,1024.0,HDD,Windows 10,DN,68.0,0,0.611,455.0,73.0,49.0,0.0,0.0,0.0,0.0,79.9,1.0,0.0,0.0,0,1
ASSET-10453,Lenovo,X1 Carbon,Ryzen 5 4500U,16.0,512.0,SSD,macOS 12,Singapore,66.9,0,0.6282758620689655,279.0,80.0,65.0,0.0,0.0,0.0,0.0,57.3,3.0,0.0,1.0,0,0
ASSET-10454,Asus,ZenBook 14,Ryzen 7 4800U,32.0,512.0,SSD,Windows 10,HCM,74.3,0,0.6904,30.57,90.0,77.0,0.0,0.0,0.0,0.0,6.4,1.0,2.0,1.0,0,0
ASSET-10455,Acer,Aspire 5,Ryzen 7 4800U,32.0,512.0,NVMe,macOS 13,HN,68.3,0,0.7417777777777778,255.0,79.0,72.0,0.0,0.0,0.0,0.0,37.45,2.0,1.0,0.0,0,0
ASSET-10456,Apple,MacBook Pro 13,i5-8250U,32.0,512.0,SSD,Windows 11,DN,64.5,0,1.05,476.0,88.0,48.19,0.0,0.0,0.0,0.0,37.0,1.0,0.0,0.0,0,0
ASSET-10457,HP,EliteBook 840,Ryzen 7 4800U,16.0,1024.0,SSD,macOS 12,Tokyo,60.4,0,0.6652,284.0,66.0,83.0,0.0,0.0,0.0,0.0,30.0,1.0,0.0,1.0,0,0
ASSET-10458,Dell,XPS 13,i5-8250U,8.0,512.0,SSD,Windows 10,HCM,43.4,0,0.7402,240.0,77.0,77.0,0.0,0.0,0.0,0.0,33.1,4.0,0.0,0.0,0,0
ASSET-10459,HP,EliteBook 840,i7-1185G7,32.0,512.0,NVMe,macOS 12,Tokyo,24.9,0,0.7906,284.0,81.0,71.0,1.0,0.0,0.0,0.0,31.5,2.0,1.0,0.0,0,0
ASSET-10460,Lenovo,T14 Gen2,Ryzen 5 4500U,8.0,256.0,SSD,Windows 11,Hue,44.6,0,0.6944444444444444,56.0,82.0,62.0,0.0,0.0,0.0,0.0,41.3,1.0,0.0,0.0,0,0
ASSET-10461,HP,ProBook 450,Ryzen74800U,16.0,256.0,SSD,Windows 11,Hue,12.9,1,0.7226,284.0,76.0,66.0,0.0,0.0,0.0,0.0,34.4,1.0,1.0,0.0,0,0
ASSET-10462,Acer,Aspire 5,i5-1135G7,32.0,256.0,HDD,macOS 13,Singapore,57.3,0,0.8048888888888889,34.0,74.0,73.0,0.0,0.0,0.0,1.0,37.45,1.0,0.0,0.0,0,0
ASSET-10463,Acer,Swift 3,i7-8650U,16.0,512.0,NVMe,Windows 10,Hue,22.0,1,0.7045192307692307,296.0,72.0,54.0,0.0,0.0,0.0,0.0,45.2,3.0,0.0,0.0,0,0
ASSET-10464,Dell,Latitude 5420,M1,16.0,1024.0,SSD,macOS 13,Singapore,56.8,0,0.9018,241.0,73.0,66.0,1.0,0.0,0.0,0.0,39.400000000000006,1.0,0.0,0.0,0,1
ASSET-10465,Asus,VivoBook 15,Ryzen 7 4800U,16.0,1024.0,NVMe,macOS 13,Hue,71.5,0,0.85175,341.0,75.0,86.0,0.0,0.0,0.0,0.0,22.9,3.0,0.0,0.0,0,0
ASSET-10466,MSI,GF65,i5-1135G7,16.0,512.0,NVMe,macOS 13,HN,11.5,0,0.7751923076923077,111.0,81.0,78.0,0.0,0.0,0.0,0.0,37.5,1.0,0.0,0.0,0,0
ASSET-10467,HP,ProBook 450,M1,16.0,1024.0,HDD,Windows 11,HN,29.4,0,0.7828,284.0,71.0,50.0,0.0,0.0,0.0,0.0,53.7,2.0,1.0,0.0,0,0
ASSET-10468,Apple,MacBook Pro 13,i7-1185G7,32.0,512.0,HDD,macOS 13,Singapore,27.4,0,0.608,579.0,63.0,74.0,0.0,0.0,0.0,0.0,53.5,2.0,0.0,1.0,0,1
ASSET-10469,MSI,Modern 14,Ryzen 7 4800U,32.0,256.0,HDD,Windows 10,HCM,,0,0.5209803921568628,565.0,92.0,57.0,1.0,0.0,0.0,0.0,33.0,1.0,0.0,1.0,1,0
ASSET-10470,Lenovo,X1 Carbon,M1,32.0,1024.0,SSD,macOS 13,Singapore,75.7,0,0.9857692307692307,163.0,70.0,49.0,0.0,0.0,0.0,0.0,41.3,1.0,0.0,0.0,0,0
ASSET-10471,HP,ZBook 15,Ryzen 7 4800U,32.0,1024.0,HDD,macOS 13,Tokyo,,0,0.7262,284.0,79.0,65.0,0.0,0.0,0.0,0.0,21.5,3.0,0.0,0.0,0,0
ASSET-10472,Asus,ROG Zephyrus G14,i7-8650U,16.0,512.0,SSD,Windows 11,HCM,70.6,0,0.5976,314.0,64.0,67.0,0.0,0.0,0.0,0.0,12.2,1.0,0.0,0.0,0,0
ASSET-10473,Dell,Latitude 5420,Ryzen 7 4800U,16.0,256.0,SSD,macOS 13,HN,30.5,1,0.812,286.5,65.0,75.0,0.0,0.0,0.0,0.0,60.1,2.0,0.0,1.0,1,0
ASSET-10474,Asus,ROG Zephyrus G14,Ryzen 7 4800U,16.0,512.0,HDD,Ubuntu 22.04,Tokyo,18.3,0,0.909,277.0,70.0,68.0,0.0,0.0,0.0,0.0,50.1,2.0,0.0,0.0,0,0
ASSET-10475,Acer,Swift 3,i5-1135G7,8.0,512.0,SSD,Windows 11,HN,20.1,1,0.9132758620689655,286.0,79.0,68.0,0.0,0.0,0.0,0.0,49.7,0.0,0.0,0.0,0,0
ASSET-10476,HP,Envy 13,M2,8.0,256.0,HDD,Ubuntu 22.04,HN,13.8,1,0.5075,284.0,80.0,63.0,0.0,0.0,0.0,0.0,36.8,3.0,0.0,1.0,0,0
ASSET-10477,MSI,Prestige 14,i5-8250U,32.0,256.0,SSD,Ubuntu 22.04,Hue,9.7,1,1.05,219.0,83.0,68.0,0.0,0.0,0.0,0.0,35.9,2.0,0.0,0.0,0,0
ASSET-10478,HP,ZBook 15,Ryzen 7 4800U,8.0,512.0,SSD,Ubuntu 22.04,HN,,1,0.6526666666666666,320.0,77.0,67.0,0.0,0.0,0.0,0.0,80.70499999999997,2.0,0.0,0.0,0,0
ASSET-10479,Acer,TravelMate P2,i5-1135G7,16.0,512.0,SSD,Windows 11,HN,67.9,0,0.915875,210.0,84.0,71.0,1.0,0.0,0.0,0.0,37.45,1.0,0.0,0.0,0,1
ASSET-10480,Acer,TravelMate P2,M1,16.0,512.0,SSD,macOS 13,HCM,75.5,0,0.654,296.0,91.0,77.0,0.0,0.0,0.0,0.0,79.8,1.5,0.0,0.0,1,0
ASSET-10481,MSI,Prestige 14,i5-8250U,8.0,1024.0,NVMe,macOS 13,Singapore,28.6,0,0.8733333333333333,299.0,68.0,74.0,1.0,0.0,0.0,0.0,15.3,2.0,0.0,1.0,0,0
ASSET-10483,Lenovo,X1 Carbon,M1,16.0,1024.0,SSD,Ubuntu 22.04,Hue,12.8,1,0.8442,464.0,85.0,69.0,0.0,0.0,0.0,1.0,41.3,0.0,0.0,0.0,0,1
ASSET-10484,MSI,Modern 14,i5-8250U,16.0,512.0,NVMe,Ubuntu 22.04,Hue,58.4,0,0.87725,30.57,76.0,68.0,0.0,0.0,0.0,0.0,57.3,0.0,0.0,0.0,0,0
ASSET-10485,Dell,Latitude 5420,Ryzen 7 4800U,16.0,512.0,NVMe,macOS 12,Singapore,21.1,0,0.8382,45.0,83.0,79.0,0.0,0.0,0.0,0.0,59.4,2.0,0.0,0.0,0,0
ASSET-10486,Lenovo,X1 Carbon,Ryzen 7 4800U,16.0,1024.0,SSD,Windows 10,HCM,23.9,1,0.8085,412.0,78.5,65.0,0.0,0.0,0.0,0.0,41.3,1.0,0.0,0.0,0,0
ASSET-10487,Asus,ROG Zephyrus G14,M2,16.0,1024.0,NVMe,macOS 12,Tokyo,75.4,0,0.6951111111111111,372.0,75.0,73.0,1.0,0.0,0.0,0.0,34.5,2.0,0.0,1.0,1,0
ASSET-10488,Asus,ROG Zephyrus G14,Ryzen 5 4500U,8.0,512.0,NVMe,Windows 11,HCM,19.6,0,0.8177777777777778,327.0,91.0,65.0,0.0,0.0,0.0,0.0,13.3,0.0,1.0,0.0,1,0
ASSET-10489,Lenovo,T480,Ryzen 5 4500U,32.0,1024.0,SSD,Windows 10,Singapore,77.5,0,0.7836538461538461,500.0,90.0,60.0,0.0,0.0,0.0,0.0,41.3,5.0,0.0,0.0,0,0
ASSET-10490,Dell,Latitude 7420,i7-8650U,32.0,512.0,SSD,Windows 11,Singapore,68.9,0,0.6192307692307693,275.0,78.0,78.0,0.0,0.0,0.0,0.0,44.7,2.0,1.0,0.0,0,0
ASSET-10491,Apple,MacBook Pro 14,i7-1185G7,16.0,512.0,HDD,Ubuntu 22.04,HCM,56.4,0,0.8263461538461538,192.0,72.0,68.0,0.0,0.0,0.0,0.0,2.6,1.0,0.0,0.0,0,0
ASSET-10492,Lenovo,L14,i7-1185G7,32.0,512.0,HDD,macOS 13,Singapore,58.7,0,0.682,279.0,78.5,69.0,1.0,0.0,0.0,0.0,41.3,3.0,0.0,0.0,0,0
ASSET-10493,Acer,Swift 3,i7-8650U,8.0,256.0,HDD,macOS 12,HCM,58.3,0,0.7548,184.0,92.0,62.0,0.0,0.0,0.0,0.0,56.7,4.0,0.0,0.0,1,0
ASSET-10495,Asus,VivoBook 15,Ryzen 5 4500U,32.0,256.0,HDD,Ubuntu 22.04,Singapore,38.0,0,0.8586,300.0,81.0,70.0,0.0,0.0,0.0,0.0,36.900000000000006,2.0,0.0,1.0,0,0
ASSET-10496,Dell,Precision 3560,Ryzen 5 4500U,16.0,512.0,NVMe,Windows 10,Hue,46.6,0,0.7267307692307692,286.5,96.80999999999995,75.0,0.0,0.0,0.0,0.0,39.400000000000006,1.0,0.0,0.0,1,1
ASSET-10497,MSI,Prestige 14,i5-8250U,32.0,512.0,HDD,Ubuntu 22.04,HN,20.1,1,0.7797777777777778,260.0,75.0,56.0,0.0,0.0,0.0,0.0,79.1,2.0,0.0,0.0,0,0
ASSET-10498,Dell,Latitude 5420,M2,16.0,512.0,NVMe,macOS 12,DN,,0,0.8503846153846154,286.5,77.0,54.0,0.0,0.0,0.0,0.0,10.5,2.0,0.0,0.0,0,0
ASSET-10499,Apple,MacBook Pro 14,i5-1135G7,32.0,1024.0,HDD,macOS 12,HCM,63.1,0,0.7307,290.0,92.0,61.0,0.0,0.0,0.0,0.0,71.6,2.0,0.0,0.0,0,0
ASSET-10500,Acer,Swift 3,i5-1135G7,8.0,1024.0,NVMe,Windows 11,Singapore,44.4,0,0.5036,165.0,79.0,71.0,1.0,0.0,0.0,0.0,38.3,2.0,1.0,0.0,1,0
ASSET-10501,MSI,Modern 14,i7-1185G7,32.0,512.0,NVMe,Windows 11,Hue,20.7,1,0.6011764705882353,581.0,88.0,70.0,0.0,0.0,0.0,0.0,39.6,2.0,0.0,0.0,0,0
ASSET-10502,Dell,XPS 13,i5-8250U,16.0,1024.0,NVMe,Windows 10,Singapore,35.4,0,0.88925,499.0,73.0,76.0,1.0,0.0,0.0,0.0,28.6,2.0,0.0,0.0,0,0
ASSET-10503,Acer,TravelMate P2,i5-1135G7,32.0,512.0,NVMe,macOS 13,Tokyo,47.7,0,0.8638,246.0,80.0,68.0,0.0,0.0,0.0,1.0,18.1,1.0,0.0,0.0,0,0
ASSET-10504,Apple,MacBook Pro 14,i7-1185G7,32.0,1024.0,SSD,macOS 13,Hue,56.7,0,0.8118888888888889,290.0,85.0,76.0,0.0,0.0,0.0,0.0,38.2,1.0,0.0,0.0,0,0
ASSET-10505,Dell,Latitude 5420,M2,16.0,512.0,SSD,Windows 10,HCM,71.9,0,0.63,286.5,77.0,61.0,2.0,0.0,0.0,0.0,41.1,1.0,0.0,0.0,0,0
ASSET-10506,Dell,XPS 13,i7-8650U,8.0,512.0,SSD,Windows 10,Hue,24.8,1,0.7026923076923077,286.5,76.0,85.0,1.0,0.0,0.0,0.0,21.4,0.0,0.0,0.0,0,0
ASSET-10507,Lenovo,L14,Ryzen 5 4500U,32.0,512.0,SSD,macOS 13,Singapore,36.3,0,0.882,129.0,78.5,74.0,0.0,0.0,0.0,0.0,29.0,2.0,0.0,0.0,0,0
ASSET-10509,HP,ZBook 15,M2,16.0,1024.0,SSD,Windows 11,Hue,37.6,0,0.9588,284.0,78.0,83.0,0.0,0.0,0.0,0.0,12.8,2.0,0.0,1.0,0,0
ASSET-10510,Dell,Latitude 5420,i5-8250U,16.0,512.0,NVMe,Windows 11,HCM,40.5,0,1.0210344827586206,286.5,80.0,66.0,0.0,0.0,0.0,0.0,59.5,1.0,2.0,0.0,0,0
ASSET-10511,Acer,Aspire 5,i5-1135G7,8.0,1024.0,HDD,macOS 12,HN,72.6,0,0.84,296.0,84.0,71.0,0.0,0.0,0.0,0.0,37.45,1.5,0.0,0.0,0,0
ASSET-10512,Apple,MacBook Pro 13,M2,8.0,1024.0,SSD,Windows 11,HCM,31.0,0,0.913375,263.0,71.0,68.0,0.0,0.0,0.0,0.0,35.8,4.0,0.0,0.0,1,0
ASSET-10514,Dell,Precision 3560,M1,8.0,1024.0,HDD,macOS 12,HN,72.3,0,0.6712068965517242,199.0,63.0,74.0,0.0,0.0,0.0,0.0,39.400000000000006,4.0,0.0,0.0,0,0
ASSET-10515,Apple,MacBook Pro 14,M1,16.0,256.0,NVMe,Windows 11,Tokyo,32.4,0,0.5216,194.0,78.0,80.0,0.0,0.0,0.0,0.0,67.1,2.0,0.0,1.0,0,0
ASSET-10516,Apple,MacBook Pro 14,i5-1135G7,16.0,512.0,HDD,macOS 13,DN,73.2,0,0.5588,290.0,66.0,56.0,1.0,0.0,0.0,0.0,35.8,1.0,0.0,1.0,0,0
ASSET-10517,Acer,Swift 3,Ryzen 7 4800U,8.0,512.0,HDD,Windows 10,Hue,45.1,0,0.915875,246.0,74.0,71.0,0.0,0.0,0.0,0.0,68.3,1.0,0.0,0.0,0,0
ASSET-10518,HP,ZBook 15,Ryzen 5 4500U,8.0,256.0,NVMe,Ubuntu 22.04,Tokyo,76.3,0,0.6605172413793103,234.0,78.0,78.0,0.0,0.0,0.0,0.0,29.6,2.0,0.0,0.0,0,0
ASSET-10519,MSI,GF65,M2,16.0,512.0,SSD,Windows 11,Hue,70.5,0,0.6927586206896552,113.0,67.0,70.0,0.0,0.0,0.0,0.0,52.0,2.0,0.0,0.0,0,0
ASSET-10275,Apple,MacBook Air,Ryzen 5 4500U,16.0,512.0,NVMe,Windows 11,Hue,61.4,0,0.902,328.0,79.0,76.0,0.0,0.0,0.0,0.0,41.4,1.0,0.0,0.0,0,1
ASSET-10093,Apple,MacBook Pro 14,M1,32.0,1024.0,HDD,macOS 13,HN,72.2,0,0.8726,70.0,84.0,78.0,0.0,0.0,0.0,0.0,35.8,0.0,0.0,0.0,0,0
ASSET-10006,Lenovo,T14 Gen2,M1,8.0,256.0,HDD,Windows 10,Hue,25.1,0,0.705,313.0,78.0,54.0,1.0,0.0,0.0,0.0,23.8,5.0,0.0,0.0,0,0
ASSET-10167,Acer,Aspire 5,M1,8.0,1024.0,NVMe,Windows 10,DN,,0,0.7006896551724138,164.0,82.0,71.0,0.0,0.0,0.0,0.0,37.45,1.5,0.0,0.0,0,0
ASSET-10090,Acer,Swift 3,i7-8650U,32.0,512.0,NVMe,Ubuntu 22.04,Hue,33.2,0,0.915875,345.0,77.0,74.0,1.0,0.0,0.0,0.0,35.1,3.0,0.0,0.0,0,0
ASSET-10513,Dell,XPS 13,i7-8650U,32.0,512.0,NVMe,Windows 11,Hue,16.1,0,0.8446,464.0,80.0,60.0,0.0,0.0,0.0,0.0,48.8,3.0,0.0,0.0,0,0
ASSET-10362,HP,ZBook 15,i5-1135G7,8.0,512.0,SSD,Windows 11,Hue,71.4,0,0.8644444444444445,284.0,77.0,67.0,1.0,0.0,0.0,1.0,61.8,4.0,0.0,0.0,0,0
ASSET-10228,Apple,MacBook Pro 14,i5-1135G7,8.0,512.0,HDD,macOS 13,DN,29.5,0,0.8118888888888889,221.0,74.0,75.0,0.0,0.0,0.0,0.0,55.4,1.0,0.0,0.0,0,0
ASSET-10192,Acer,TravelMate P2,i5-1135G7,16.0,512.0,SSD,macOS 12,DN,78.0,0,0.5194827586206896,398.0,76.0,74.0,0.0,0.0,0.0,0.0,40.9,1.0,0.0,0.0,1,0
ASSET-10482,Lenovo,L14,i7-1185G7,16.0,512.0,HDD,Windows 10,HN,31.1,0,0.8755172413793103,279.0,75.0,57.0,0.0,0.0,0.0,0.0,44.0,1.0,0.0,0.0,0,0
ASSET-10218,Apple,MacBook Air,i7-8650U,16.0,256.0,HDD,Windows 10,HN,10.9,1,0.6822413793103448,288.0,79.0,65.0,1.0,0.0,0.0,0.0,35.8,3.0,0.0,0.0,0,0
ASSET-10180,HP,EliteBook 840,M2,32.0,512.0,SSD,macOS 12,Tokyo,33.5,0,0.7224,489.0,74.0,80.0,0.0,0.0,0.0,0.0,38.7,1.0,0.0,1.0,0,0
ASSET-10307,HP,Envy 13,M1,16.0,256.0,HDD,macOS 12,Hue,69.0,0,0.556,374.0,76.0,59.0,0.0,0.0,0.0,0.0,51.8,0.0,1.0,0.0,0,0
ASSET-10508,Lenovo,X1 Carbon,Ryzen 7 4800U,16.0,256.0,NVMe,macOS 12,Hue,29.9,1,0.93175,272.0,68.0,77.0,0.0,0.0,0.0,0.0,41.3,4.0,0.0,0.0,0,0
ASSET-10010,Lenovo,L14,i7-1185G7,8.0,256.0,NVMe,Windows 11,Hue,53.3,0,0.7614,167.0,74.0,80.0,0.0,0.0,0.0,0.0,40.2,2.0,0.0,0.0,0,0
ASSET-10381,Apple,MacBook Air,i5-1135G7,32.0,512.0,NVMe,macOS 12,HN,73.6,0,0.5253846153846153,238.0,78.0,66.0,0.0,0.0,0.0,0.0,54.4,0.0,0.0,0.0,1,0
ASSET-10371,Apple,MacBook Pro 14,Ryzen 5 4500U,16.0,256.0,NVMe,macOS 12,DN,61.6,0,0.7025961538461538,214.0,87.0,77.0,0.0,0.0,0.0,0.0,32.1,1.0,0.0,0.0,0,0
ASSET-10030,MSI,Prestige 14,i7-1185G7,16.0,512.0,SSD,Ubuntu 22.04,HCM,42.4,0,1.0045098039215685,101.0,87.0,67.0,0.0,0.0,0.0,0.0,37.7,1.0,0.0,0.0,0,0
ASSET-10494,Lenovo,L14,Ryzen 5 4500U,32.0,512.0,NVMe,macOS 13,Tokyo,71.6,0,0.71675,279.0,78.0,68.0,0.0,0.0,0.0,0.0,24.5,0.0,1.0,1.0,0,0
ASSET-10137,Lenovo,T14 Gen2,M1,32.0,512.0,NVMe,macOS 13,Tokyo,14.3,0,0.7996551724137931,290.0,79.0,78.0,0.0,0.0,0.0,0.0,41.3,0.0,0.0,0.0,0,0
